389,388.9,388.8,388.7,388.6,388.5,388.4,388.3,388.2,388.1,388,387.9,387.8,387.7,387.6,387.5,387.4,387.3,387.2,387.1,387,386.9,386.8,386.7,386.6,386.5,386.4,386.3,386.2,386.1,386,385.9,385.8,385.7,385.6,385.5,385.4,385.3,385.2,385.1,385,384.9,384.8,384.7,384.6,384.5,384.4,384.3,384.2,384.1,384,383.9,383.8,383.7,383.6,383.5,383.4,383.3,383.2,383.1,383,382.9,382.8,382.7,382.6,382.5,382.4,382.3,382.2,382.1,382,381.9,381.8,381.7,381.6,381.5,381.4,381.3,381.2,381.1,381,380.9,380.8,380.7,380.6,380.5,380.4,380.3,380.2,380.1,380,379.9,379.8,379.7,379.6,379.5,379.4,379.3,379.2,379.1,379,378.9,378.8,378.7,378.6,378.5,378.4,378.3,378.2,378.1,378,377.9,377.8,377.7,377.6,377.5,377.4,377.3,377.2,377.1,377,376.9,376.8,376.7,376.6,376.5,376.4,376.3,376.2,376.1,376,233,232.9,232.8,232.7,232.6,232.5,232.4,232.3,232.2,232.1,232,231.9,231.8,231.7,231.6,231.5,231.4,231.3,231.2,231.1,231,230.9,230.8,230.7,230.6,230.5,230.4,230.3,230.2,230.1,230,229.9,229.8,229.7,229.6,229.5,229.4,229.3,229.2,229.1,229,228.9,228.8,228.7,228.6,228.5,228.4,228.3,228.2,228.1,228,227.9,227.8,227.7,227.6,227.5,227.4,227.3,227.2,227.1,227,226.9,226.8,226.7,226.6,226.5,226.4,226.3,226.2,226.1,226,225.9,225.8,225.7,225.6,225.5,225.4,225.3,225.2,225.1,225,224.9,224.8,224.7,224.6,224.5,224.4,224.3,224.2,224.1,224,223.9,223.8,223.7,223.6,223.5,223.4,223.3,223.2,223.1,223,222.9,222.8,222.7,222.6,222.5,222.4,222.3,222.2,222.1,222,221.9,221.8,221.7,221.6,221.5,221.4,221.3,221.2,221.1,221,220.9,220.8,220.7,220.6,220.5,220.4,220.3,220.2,220.1,220,219.9,219.8,219.7,219.6,219.5,219.4,219.3,219.2,219.1,219,218.9,218.8,218.7,218.6,218.5,218.4,218.3,218.2,218.1,218,217.9,217.8,217.7,217.6,217.5,217.4,217.3,217.2,217.1,217,216.9,216.8,216.7,216.6,216.5,216.4,216.3,216.2,216.1,216,215.9,215.8,215.7,215.6,215.5,215.4,215.3,215.2,215.1,215,214.9,214.8,214.7,214.6,214.5,214.4,214.3,214.2,214.1,214,213.9,213.8,213.7,213.6,213.5,213.4,213.3,213.2,213.1,213,212.9,212.8,212.7,212.6,212.5,212.4,212.3,212.2,212.1,212,211.9,211.8,211.7,211.6,211.5,211.4,211.3,211.2,211.1,211,210.9,210.8,210.7,210.6,210.5,210.4,210.3,210.2,210.1,210,209.9,209.8,209.7,209.6,209.5,209.4,209.3,209.2,209.1,209,208.9,208.8,208.7,208.6,208.5,208.4,208.3,208.2,208.1,208,207.9,207.8,207.7,207.6,207.5,207.4,207.3,207.2,207.1,207,206.9,206.8,206.7,206.6,206.5,206.4,206.3,206.2,206.1,206,205.9,205.8,205.7,205.6,205.5,205.4,205.3,205.2,205.1,205,204.9,204.8,204.7,204.6,204.5,204.4,204.3,204.2,204.1,204,203.9,203.8,203.7,203.6,203.5,203.4,203.3,203.2,203.1,203,F ,La,N
645.0,645.625,650.625,630.938,669.688,655.625,671.875,660.0,660.625,664.688,679.688,651.563,676.875,665.313,680.938,681.875,690.0,717.5,699.688,698.125,664.688,676.563,684.688,686.875,694.375,714.375,701.563,701.563,747.813,714.063,736.563,735.938,749.688,723.125,709.063,740.313,725.313,758.438,783.125,748.75,812.813,817.188,820.313,841.563,803.438,822.5,859.688,872.5,882.5,898.438,921.563,889.375,935.313,945.938,963.125,950.0,957.813,983.75,999.063,993.438,1005.63,1075.94,1043.13,1038.13,1050.63,1052.19,1074.06,1068.75,1097.81,1027.5,1075.31,1078.75,1112.81,1058.13,1063.13,1071.56,1061.56,1045.63,1018.13,1044.06,1042.5,956.563,974.688,955.625,964.688,934.688,966.563,911.563,953.125,910.0,911.875,885.313,843.75,865.625,874.063,836.563,800.0,820.625,827.813,818.125,771.875,794.688,763.438,779.688,743.125,740.0,762.5,751.25,744.375,699.375,729.063,688.125,697.188,688.438,699.375,680.313,695.625,696.25,700.938,687.188,668.75,657.813,637.188,669.063,657.5,632.813,651.25,664.063,670.313,644.063,639.375,1107.5,1145.94,1150.94,1146.88,1128.44,1149.69,1133.13,1135.94,1113.44,1126.25,1165.31,1130.31,1136.25,1109.69,1127.81,1171.56,1160.94,1162.5,1153.13,1187.5,1150.31,1158.13,1163.75,1183.13,1164.38,1190.94,1180.63,1208.75,1187.81,1168.75,1168.44,1205.94,1146.88,1171.25,1176.56,1198.75,1209.69,1165.63,1192.5,1187.81,1218.44,1208.44,1230.63,1237.81,1198.75,1237.19,1256.25,1222.19,1269.69,1268.13,1284.38,1297.5,1309.06,1309.69,1330.31,1341.56,1348.13,1364.38,1392.19,1401.56,1370.0,1441.88,1495.31,1458.75,1469.06,1493.44,1550.94,1610.31,1551.88,1640.94,1664.06,1698.75,1700.63,1752.81,1781.56,1805.63,1890.63,1906.88,1906.25,1903.44,1980.31,2017.5,1997.5,2033.13,2074.38,2110.94,2140.0,2116.56,2095.94,2048.44,2062.19,2094.38,2114.69,2070.94,2002.19,1976.88,1933.44,1951.25,1888.13,1805.0,1817.19,1773.13,1720.94,1706.56,1663.75,1646.88,1588.13,1514.69,1485.63,1435.0,1466.25,1388.75,1343.13,1334.06,1346.25,1323.13,1319.06,1253.44,1233.75,1215.0,1191.88,1191.56,1188.13,1169.06,1121.25,1137.5,1139.69,1107.5,1078.75,1089.06,1100.63,1106.25,1052.5,1031.56,1062.81,1020.31,1026.25,1046.25,1038.44,1024.38,1043.75,1027.81,1015.0,1037.19,1024.69,1015.63,1034.06,1025.31,1068.13,1063.13,1088.44,1058.44,1095.94,1036.25,1071.56,1095.94,1075.0,1101.88,1148.13,1134.38,1103.13,1138.13,1170.31,1220.0,1202.19,1191.25,1255.94,1262.81,1335.94,1356.56,1448.44,1403.44,1452.5,1538.13,1578.44,1576.56,1660.0,1728.75,1748.44,1841.25,1865.63,1926.88,2005.63,1996.88,2047.19,2096.25,2153.44,2256.25,2312.81,2312.19,2327.19,2342.19,2427.5,2375.63,2421.56,2426.56,2419.69,2416.25,2436.56,2347.5,2328.44,2239.69,2186.56,2158.75,2091.88,2049.06,2004.06,1921.25,1915.63,1849.06,1830.63,1704.38,1656.56,1593.44,1573.44,1500.63,1459.06,1397.81,1377.5,1300.0,1291.88,1271.88,1230.94,1181.56,1140.31,1135.94,1087.19,1058.44,1033.44,1014.69,1000.94,985.0,980.0,936.875,936.875,931.875,910.625,888.438,861.563,873.75,822.813,820.625,799.375,810.313,791.563,796.875,799.375,789.375,779.688,757.5,775.313,755.313,723.125,730.0,715.313,709.063,702.813,698.125,728.438,695.938,724.688,688.125,687.5,680.313,682.813,652.813,682.188,670.625,694.375,694.688,675.313,664.688,673.75,629.688,669.063,632.188,655.0,619.375,671.875,665.938,635.625,607.5,627.188,632.813,655.313,622.813,605.938,626.875,621.563,607.188,614.688,612.813,600.938,605.313,599.063,631.875,590.625,601.563,595.625,610.938,606.563,1,0,0
635.938,625.313,653.438,651.563,628.438,614.688,595.938,636.25,631.25,608.75,682.5,637.813,663.75,663.75,674.375,653.125,670.313,623.75,667.813,663.125,668.438,683.125,675.938,695.938,670.0,681.25,702.5,681.875,691.25,706.25,712.5,703.125,710.938,724.688,722.813,718.438,750.625,728.125,705.0,745.0,757.5,796.875,773.75,819.688,791.563,819.375,814.688,828.125,800.0,836.563,867.5,854.375,866.563,872.5,901.25,907.813,914.688,895.0,950.0,931.563,942.5,984.688,991.875,966.25,960.0,995.313,1002.5,1005.94,986.25,1045.94,1056.88,1045.63,1027.19,1030.0,1054.06,1012.81,1020.0,1049.06,1024.69,1024.38,981.563,1012.81,969.375,997.188,997.813,928.75,953.125,940.0,921.875,896.25,874.688,865.938,884.063,871.25,821.563,810.938,822.5,836.25,822.5,789.375,823.125,755.938,775.625,756.563,742.5,744.375,746.875,749.688,716.563,727.188,711.25,722.5,713.125,674.063,683.75,705.313,684.063,659.688,679.375,658.125,656.875,648.125,680.625,657.5,667.5,659.063,646.25,648.438,625.313,629.375,620.938,856.25,862.5,867.188,862.813,827.188,821.25,872.813,842.5,865.313,859.063,837.188,857.813,859.063,866.25,852.813,858.438,871.563,840.938,870.625,867.188,883.75,876.25,858.125,856.875,854.688,870.0,866.563,865.313,907.813,860.0,832.813,855.938,876.25,881.563,882.188,865.625,879.063,895.625,874.375,904.688,890.938,890.313,898.125,933.75,904.375,911.25,926.875,942.813,947.188,947.188,950.625,960.938,967.813,930.938,988.75,997.5,997.5,1003.44,1007.19,989.063,1008.75,1009.38,1050.31,1050.0,1070.94,1070.94,1091.88,1101.25,1171.25,1112.5,1175.31,1193.75,1185.0,1225.63,1238.44,1272.81,1299.69,1335.0,1329.69,1384.38,1415.0,1449.69,1440.63,1487.19,1473.13,1499.69,1455.63,1540.63,1597.19,1556.56,1553.13,1556.56,1559.69,1507.19,1550.63,1545.94,1523.44,1501.25,1430.63,1462.19,1400.63,1440.94,1346.88,1327.19,1317.5,1287.81,1273.75,1241.88,1234.69,1161.56,1182.81,1117.19,1111.88,1124.69,1072.81,1073.75,1028.13,1001.88,1000.63,958.438,948.438,919.688,945.938,918.125,892.813,898.438,858.75,870.313,846.563,807.813,829.063,860.625,840.625,808.75,789.375,785.625,791.563,801.563,786.875,774.063,801.875,767.813,745.938,768.438,770.625,762.813,771.563,748.438,750.313,761.25,788.438,780.625,781.25,764.375,795.625,751.875,782.813,785.0,801.25,825.625,831.25,842.5,865.313,869.375,836.25,868.75,935.938,905.313,954.688,945.625,975.313,949.375,1018.75,1040.94,1070.31,1116.56,1117.81,1126.56,1163.44,1213.44,1269.69,1249.69,1342.5,1405.0,1408.13,1425.0,1495.94,1543.44,1595.0,1600.63,1686.88,1709.38,1745.31,1762.5,1779.06,1771.88,1854.69,1850.0,1779.69,1854.38,1813.44,1765.31,1792.81,1745.0,1702.5,1689.38,1640.63,1569.69,1606.56,1501.88,1497.81,1402.19,1365.63,1302.19,1264.38,1234.69,1191.88,1138.13,1144.38,1085.0,1099.06,1031.88,924.063,993.125,939.375,892.5,859.063,850.0,837.5,852.813,800.938,781.875,782.5,744.375,712.813,705.313,698.125,738.125,699.688,690.0,675.313,645.938,669.375,647.813,635.625,632.188,621.25,621.563,607.813,575.0,574.063,565.0,570.625,592.188,580.938,567.188,553.438,551.25,566.875,558.75,541.25,519.063,539.375,541.563,540.0,520.625,521.25,515.313,511.875,530.0,508.75,510.313,516.25,518.75,493.125,486.563,505.938,514.688,493.438,502.5,506.25,484.063,501.563,493.125,476.563,482.188,488.125,463.75,455.938,474.688,480.0,496.563,478.125,472.5,495.0,457.188,481.563,475.938,459.375,489.688,484.063,1,0,0
649.688,668.125,654.375,620.625,662.813,660.0,635.313,635.313,659.688,639.063,674.688,666.875,664.688,666.875,645.0,621.25,674.688,682.188,691.875,665.625,634.688,683.125,667.813,676.563,695.313,680.625,679.688,715.625,701.563,712.5,719.063,695.938,720.625,734.063,749.375,742.5,739.688,750.625,730.0,788.75,766.875,771.563,797.188,780.0,787.813,837.188,808.125,833.438,855.625,862.813,884.063,878.438,862.188,930.938,864.375,930.625,898.125,975.313,963.125,960.625,960.313,982.5,1003.13,1008.13,1037.81,1050.63,1015.63,1033.75,1060.0,1029.06,1052.19,1058.75,1055.94,1068.75,1059.38,1052.81,1065.94,1064.69,1052.5,1027.19,1009.06,1005.31,1029.06,986.25,988.75,964.375,975.625,945.625,967.188,918.438,916.875,879.375,906.875,875.313,842.5,852.813,838.75,844.063,812.188,829.688,801.25,780.0,768.125,794.063,788.438,768.438,777.813,751.563,736.875,716.563,749.375,712.188,713.125,715.0,679.063,693.438,671.875,696.563,694.063,668.438,675.625,653.438,665.0,667.5,682.5,666.563,641.875,662.188,648.75,645.313,663.125,884.688,863.125,880.938,877.188,845.0,855.625,851.875,855.938,848.438,869.063,889.063,867.5,891.875,858.125,829.063,853.125,866.875,870.938,886.25,842.188,887.5,877.188,901.875,875.625,874.375,860.625,888.75,908.125,902.813,903.75,877.813,859.063,858.75,901.563,928.438,915.625,906.875,886.875,886.25,930.938,926.25,906.25,925.938,932.188,924.688,936.25,942.813,906.875,975.625,960.625,963.75,952.5,968.125,1001.88,959.375,994.063,998.75,1000.0,1010.63,1019.38,1040.63,1040.63,1070.0,1064.38,1075.31,1091.56,1107.5,1124.38,1158.13,1142.81,1148.75,1227.5,1212.5,1254.06,1288.13,1299.06,1320.31,1342.5,1351.56,1417.19,1362.19,1403.75,1413.75,1472.5,1491.56,1515.94,1528.44,1508.13,1555.0,1538.44,1598.13,1550.0,1620.63,1586.56,1548.13,1564.38,1524.69,1495.94,1485.94,1503.13,1451.25,1434.06,1382.19,1372.81,1322.5,1353.44,1270.63,1279.38,1225.94,1211.25,1192.5,1136.25,1145.31,1101.56,1082.81,1028.75,1012.19,1027.5,1020.94,959.375,941.563,950.0,907.5,949.063,914.063,817.5,880.0,876.563,851.563,829.063,822.5,809.063,823.438,779.375,818.438,820.625,820.625,829.375,792.188,780.938,781.563,770.313,791.563,754.375,799.375,761.25,775.313,788.438,759.063,801.563,767.813,772.5,794.688,768.438,771.875,807.188,804.063,842.188,823.125,836.875,818.75,851.25,854.063,871.563,878.438,888.125,883.75,929.063,893.438,943.438,1003.75,984.063,1037.5,1039.38,1080.31,1075.63,1098.75,1160.31,1175.31,1198.13,1234.69,1308.13,1372.19,1419.38,1445.63,1495.94,1537.81,1542.81,1665.63,1671.56,1677.81,1664.69,1707.81,1773.13,1795.63,1832.5,1788.75,1797.5,1842.5,1846.25,1822.19,1792.81,1801.88,1812.81,1773.13,1686.56,1656.88,1594.69,1576.56,1562.19,1475.94,1451.88,1442.5,1364.38,1313.44,1247.19,1229.06,1155.94,1128.44,1103.75,1068.44,1028.44,1015.31,988.125,928.438,905.313,913.438,893.75,860.625,810.0,785.938,794.688,786.563,738.75,743.438,712.813,720.625,707.813,678.75,690.313,692.188,674.063,644.375,617.188,633.75,623.75,622.188,626.875,623.75,589.375,608.125,606.25,599.375,561.563,576.875,576.563,568.438,586.25,560.938,545.625,547.188,562.188,564.063,569.375,525.313,548.75,545.0,558.125,530.625,490.938,514.688,532.5,535.938,518.125,492.813,524.063,521.563,501.875,495.0,514.688,501.875,506.875,492.188,521.875,500.0,483.125,497.813,504.063,506.563,505.313,478.75,485.938,510.938,496.563,472.5,476.25,487.813,469.375,468.75,490.938,466.25,1,0,0
675.625,683.75,704.063,701.875,666.25,709.688,673.438,705.0,667.188,673.125,690.938,716.25,700.313,735.0,732.188,747.813,724.375,699.375,719.063,752.5,732.813,718.438,728.125,739.063,766.563,723.125,766.563,758.125,758.125,761.25,726.563,764.375,761.875,739.375,797.5,781.875,785.938,804.063,797.813,816.563,815.938,806.25,837.188,845.313,854.375,886.25,867.188,896.875,903.75,910.625,932.813,937.813,941.563,961.563,992.813,1010.0,1022.19,997.188,1048.75,1038.13,1036.56,1063.13,1100.31,1098.13,1082.81,1097.5,1112.81,1091.88,1119.69,1106.88,1133.13,1125.31,1111.25,1125.94,1097.5,1141.25,1130.94,1104.69,1109.69,1124.38,1085.31,1053.75,1043.75,1050.94,1051.88,1062.5,1036.88,1045.31,970.625,983.125,983.125,988.125,973.438,932.813,929.063,923.75,931.563,901.563,878.438,840.938,844.688,844.375,835.625,825.313,830.938,794.375,793.438,787.188,759.375,783.75,786.563,740.0,761.563,743.438,735.625,721.875,727.813,719.375,740.625,734.375,714.063,683.125,730.625,711.25,723.75,703.438,690.625,662.188,676.25,679.688,674.688,897.5,941.25,960.313,915.0,896.875,901.875,920.938,911.875,918.75,942.813,928.438,897.188,922.188,909.688,938.75,913.75,923.75,891.563,936.875,925.0,928.438,908.75,918.75,916.25,917.188,959.375,947.188,933.75,955.625,960.625,911.563,956.875,935.938,920.0,937.5,945.0,982.188,964.688,953.75,958.125,984.375,957.5,972.188,1001.25,1008.44,980.0,1027.81,1020.31,1018.13,1013.44,1029.38,1033.75,1032.81,1029.38,1025.31,1034.69,1052.5,1052.5,1090.63,1099.06,1089.69,1133.75,1118.75,1127.5,1153.13,1202.5,1215.31,1244.06,1240.31,1218.44,1275.0,1278.44,1320.94,1342.5,1353.13,1438.75,1393.75,1448.13,1466.56,1518.75,1514.38,1551.56,1570.63,1601.25,1643.13,1675.94,1649.69,1679.69,1664.38,1689.06,1695.94,1678.44,1667.5,1663.75,1699.69,1663.13,1654.38,1627.81,1556.25,1538.75,1487.19,1455.31,1480.0,1434.69,1383.75,1369.38,1333.13,1302.19,1262.19,1226.56,1195.31,1140.31,1147.19,1168.75,1129.06,1103.44,1085.31,1039.69,1047.5,1026.25,992.5,994.375,1018.44,963.125,934.688,943.125,921.563,925.313,902.813,884.063,916.875,858.438,875.0,824.375,837.813,888.438,855.0,824.375,846.25,843.125,839.063,864.375,815.0,858.438,840.313,851.25,815.313,809.063,858.125,813.125,879.375,812.188,846.563,850.625,853.75,896.563,865.0,896.563,870.0,905.313,897.813,897.5,903.75,943.125,920.313,975.0,983.438,963.125,1022.81,1041.56,1088.13,1127.5,1132.19,1162.19,1204.69,1221.25,1266.56,1262.19,1277.19,1348.44,1411.56,1420.63,1514.06,1526.25,1597.81,1643.44,1706.56,1731.88,1762.81,1817.19,1863.75,1874.69,1904.06,1907.19,1936.25,1987.19,1966.88,1998.75,1964.38,1930.63,1873.44,1944.38,1847.5,1856.88,1783.13,1781.25,1704.38,1660.94,1643.13,1603.44,1531.88,1484.69,1471.25,1351.88,1363.75,1261.25,1241.25,1167.81,1161.88,1139.69,1090.94,1066.25,1046.25,1010.31,926.563,925.938,920.0,902.5,879.688,838.75,840.625,816.875,827.5,761.563,789.375,763.125,760.0,747.5,741.875,734.688,703.125,680.938,708.438,698.438,673.75,653.125,698.438,623.75,640.938,636.563,645.625,627.5,607.5,641.563,588.125,568.75,599.688,620.0,605.0,589.375,574.063,580.313,590.938,588.438,564.375,578.438,553.75,533.75,556.563,564.375,552.813,552.5,537.813,549.063,555.938,524.063,522.5,551.25,535.938,545.938,531.563,516.563,535.938,526.25,514.063,517.813,520.0,494.063,504.375,501.875,507.5,528.438,511.875,504.375,516.875,525.625,520.313,497.813,520.625,504.688,509.688,1,0,0
662.5,697.5,692.5,697.188,723.438,720.938,707.5,731.25,701.25,700.0,705.625,738.438,739.688,708.125,754.063,739.063,719.063,745.625,725.313,707.813,722.5,750.938,740.313,756.875,778.438,745.313,757.188,747.5,730.0,783.75,772.5,785.625,783.125,818.75,828.438,837.188,812.5,840.938,849.375,851.25,862.813,837.188,850.0,905.625,865.625,862.5,872.5,887.813,907.5,925.625,980.625,961.875,947.813,967.5,962.813,1021.56,1032.5,1048.44,1079.69,1072.81,1064.38,1071.88,1054.38,1094.38,1099.38,1137.5,1095.0,1125.0,1165.0,1150.0,1194.69,1153.13,1185.0,1147.5,1175.31,1196.25,1187.5,1142.19,1135.31,1109.06,1124.69,1130.31,1100.31,1118.44,1102.5,1052.5,1054.69,1011.56,1022.81,1066.88,1067.19,1020.31,973.125,969.063,975.0,943.438,922.5,917.813,878.75,915.625,847.5,870.313,877.5,849.375,842.813,841.25,815.313,806.25,819.688,818.75,807.5,768.75,825.938,797.188,779.375,741.25,734.375,772.188,740.938,722.188,765.938,733.438,742.188,725.313,715.625,701.25,700.0,750.0,715.938,720.625,717.188,966.563,958.438,959.063,922.813,931.563,935.625,953.438,924.063,950.0,921.563,967.813,946.563,959.375,951.875,932.813,952.5,942.5,970.625,953.125,970.0,975.938,974.688,946.25,971.875,964.688,966.563,972.5,983.438,981.875,980.0,955.625,990.0,1024.06,1005.0,962.813,981.25,995.313,1003.13,977.188,942.188,978.438,1011.25,1019.69,1020.94,999.375,1016.25,1038.13,1038.75,1015.63,1027.19,1040.63,1052.19,1083.75,1040.31,1085.0,1070.94,1080.31,1087.19,1100.63,1105.63,1116.88,1147.81,1139.06,1143.75,1188.44,1167.81,1202.19,1235.0,1227.5,1290.0,1314.38,1321.25,1356.56,1385.63,1370.63,1439.06,1407.5,1480.0,1482.19,1483.44,1561.25,1553.44,1562.19,1586.88,1634.69,1681.25,1668.44,1689.06,1672.81,1718.75,1772.81,1715.94,1722.5,1757.19,1765.31,1679.38,1721.56,1734.06,1690.31,1618.13,1613.44,1571.56,1584.38,1531.25,1518.75,1489.69,1415.31,1400.31,1350.94,1345.94,1310.63,1264.06,1270.31,1212.5,1179.69,1176.25,1145.94,1100.63,1082.81,1104.69,1050.63,1045.0,1036.25,999.375,996.563,1019.69,965.313,975.313,939.688,918.75,907.188,907.813,923.125,873.125,904.063,884.063,895.0,877.5,888.125,834.688,872.5,855.0,847.5,846.875,839.688,893.75,875.938,868.125,854.063,839.688,848.438,877.813,852.188,858.125,905.313,867.813,854.375,893.75,902.5,881.875,903.125,917.813,951.875,939.688,962.5,977.813,989.063,1026.88,1018.13,1050.0,1046.25,1090.31,1126.88,1190.94,1168.44,1181.56,1219.06,1304.06,1335.63,1313.13,1372.19,1403.44,1432.5,1532.81,1555.63,1593.75,1638.75,1722.81,1793.44,1813.44,1804.69,1863.44,1922.19,1892.5,1956.56,1987.81,2015.63,2043.75,2006.56,2016.56,1981.88,2009.06,1968.13,1969.06,1996.88,1875.94,1798.44,1833.13,1740.0,1733.13,1656.56,1606.25,1531.25,1516.56,1411.25,1407.81,1365.31,1355.94,1263.75,1201.25,1198.75,1177.81,1140.63,1115.63,1070.94,1059.38,988.125,973.438,955.625,955.625,897.5,904.688,901.875,861.563,843.438,818.438,798.75,809.688,784.063,785.313,753.438,748.75,735.938,740.0,709.375,710.938,729.688,680.938,682.813,697.813,688.125,692.5,648.438,626.25,605.313,628.438,617.5,632.813,608.75,617.813,597.813,592.5,609.688,608.438,598.438,596.25,590.313,586.25,569.063,589.375,583.75,590.625,590.0,582.813,582.188,582.813,569.375,585.625,574.375,558.438,557.188,544.375,551.875,543.125,543.125,552.188,545.625,523.75,532.188,545.625,532.813,529.375,536.875,543.438,520.0,516.25,537.5,527.813,527.188,530.938,518.75,1,0,0
716.25,725.0,723.75,729.688,723.438,756.25,742.813,727.188,756.875,725.0,737.5,735.313,750.625,740.625,740.938,740.938,728.125,723.75,776.563,755.938,748.438,760.938,762.5,776.25,733.125,786.875,800.938,781.25,811.563,799.063,800.625,812.188,807.188,842.5,835.938,832.813,848.75,850.625,841.875,867.188,846.25,891.25,873.125,894.375,864.063,899.375,908.438,930.625,954.063,938.438,965.938,970.938,1000.31,1044.06,992.188,1031.25,1070.31,1041.56,1043.13,1076.25,1123.75,1113.44,1141.25,1089.69,1133.75,1210.31,1184.06,1113.44,1141.56,1181.56,1195.0,1178.13,1188.75,1198.75,1179.06,1200.0,1159.38,1170.31,1148.44,1138.13,1136.25,1166.56,1160.63,1124.06,1116.56,1102.19,1122.5,1109.38,1098.75,1036.56,1045.94,1011.88,1019.38,997.188,991.875,965.938,950.0,927.188,909.375,942.188,910.0,891.875,890.625,887.5,878.125,874.063,870.0,824.688,841.25,842.188,820.625,838.75,809.688,804.063,795.938,805.313,781.563,773.75,787.5,789.375,779.063,745.625,724.063,725.313,750.313,752.188,747.5,726.563,700.625,707.813,723.75,943.75,935.0,949.688,987.813,962.5,950.0,1002.19,958.438,971.25,976.25,957.5,964.063,960.313,983.125,956.563,998.75,950.0,989.688,967.813,962.813,967.5,982.188,969.375,972.188,972.5,981.875,945.313,1018.44,1002.5,990.938,1004.69,1000.31,973.125,991.563,1022.81,999.063,979.063,990.938,1000.0,1023.44,1042.81,1021.56,1040.0,1010.94,1022.81,1018.13,1045.94,1055.63,1033.13,1058.75,1051.25,1056.56,1042.19,1114.69,1108.44,1126.25,1109.38,1125.63,1115.63,1128.44,1148.44,1143.13,1133.13,1148.75,1162.5,1234.38,1289.06,1235.63,1252.5,1266.88,1324.06,1339.69,1399.69,1362.19,1406.56,1405.63,1468.44,1460.94,1553.75,1557.19,1545.31,1608.75,1647.5,1670.63,1680.63,1693.13,1734.69,1755.94,1744.38,1776.88,1748.75,1775.0,1822.5,1768.44,1774.69,1783.75,1749.38,1722.5,1692.5,1683.44,1667.19,1627.5,1586.25,1567.5,1545.31,1478.75,1421.25,1437.5,1397.19,1351.56,1317.19,1287.81,1266.88,1242.19,1223.75,1203.75,1141.56,1138.13,1123.44,1136.56,1087.19,1105.31,1085.63,1060.31,1030.63,982.188,993.75,1001.25,967.813,970.625,970.313,956.875,937.188,910.625,886.25,914.063,904.375,908.125,925.313,882.188,926.563,861.875,855.0,838.438,872.5,850.0,875.0,870.625,854.375,920.625,947.813,884.063,888.438,895.0,868.438,868.125,913.125,919.375,933.125,927.5,942.813,947.813,980.0,955.313,980.625,1032.5,1033.13,1040.94,1066.88,1043.75,1100.31,1097.19,1131.25,1147.5,1202.81,1246.25,1267.81,1292.19,1307.5,1363.13,1409.38,1472.19,1554.38,1568.44,1551.88,1611.25,1766.25,1735.63,1769.06,1880.0,1895.94,1958.75,1964.69,2038.44,2035.63,2061.25,2052.81,2036.25,2106.25,2122.5,2123.44,2018.13,2034.38,1992.19,1936.25,1931.25,1925.94,1884.38,1781.56,1780.0,1700.94,1694.69,1625.63,1569.06,1507.19,1466.25,1411.88,1374.69,1281.25,1273.44,1259.06,1198.44,1171.25,1107.81,1116.25,1049.38,1073.44,1028.13,986.875,955.625,935.938,898.75,903.75,864.063,844.375,868.125,856.563,848.438,811.563,786.25,785.313,773.75,769.063,760.313,733.438,755.625,723.125,717.813,680.313,680.0,690.938,688.438,659.688,649.063,658.125,634.063,657.813,623.438,614.688,645.625,625.313,626.875,628.125,611.25,613.438,593.125,592.813,598.438,594.688,599.375,589.063,576.25,599.063,573.438,571.25,570.625,588.75,565.313,564.375,568.125,585.313,552.813,569.375,556.875,576.563,571.563,531.563,554.688,554.063,530.625,567.5,533.438,545.313,525.625,561.25,547.5,525.938,536.25,510.938,543.438,547.5,1,0,0
695.625,703.75,662.5,659.375,682.813,691.563,680.625,694.375,674.688,680.938,658.438,700.0,708.438,651.563,707.188,685.938,685.313,690.938,710.625,730.0,714.063,705.938,715.0,708.75,717.813,720.313,698.125,715.313,727.5,740.625,723.125,748.125,716.875,720.625,716.563,745.625,751.25,739.688,749.375,758.438,823.125,778.75,788.125,785.938,788.438,799.688,785.0,766.563,817.5,810.313,821.563,823.438,823.75,820.625,830.625,830.0,868.438,852.5,907.5,907.188,890.625,918.125,908.438,916.875,876.875,919.375,930.625,925.938,967.188,950.313,970.313,979.063,1006.88,958.125,967.813,997.5,989.063,983.125,990.313,956.563,951.875,961.25,971.25,942.813,931.25,949.063,984.688,930.938,914.063,907.188,905.625,873.438,871.563,846.563,845.625,873.125,818.438,798.438,820.938,808.438,824.375,803.125,800.0,825.938,795.938,800.938,798.125,778.438,745.625,785.0,745.938,745.313,734.063,726.563,728.125,707.5,734.375,712.813,697.188,713.125,703.125,770.625,717.5,738.438,705.0,694.688,715.625,716.25,681.875,668.75,687.5,884.375,891.563,870.625,873.75,875.625,866.875,883.438,889.375,875.0,859.688,889.375,885.313,880.938,881.875,895.938,856.25,894.688,888.75,892.5,899.063,846.563,866.563,868.75,912.188,865.625,900.0,852.5,888.75,865.625,873.125,860.625,917.813,882.813,894.375,884.063,881.25,877.813,909.688,899.063,878.125,922.5,905.313,889.375,908.75,925.313,930.0,891.875,935.938,938.438,903.438,949.688,911.25,946.875,918.438,923.125,967.813,962.188,981.25,972.5,970.625,931.563,929.063,985.313,996.563,1011.25,1005.0,1010.94,1014.69,1030.0,1040.0,1029.06,1060.31,1071.88,1075.63,1102.81,1143.44,1121.88,1144.38,1165.31,1173.13,1195.0,1236.56,1187.5,1260.0,1295.0,1340.31,1313.13,1305.63,1334.06,1351.25,1330.63,1360.31,1366.25,1364.06,1354.38,1372.81,1336.25,1322.81,1329.69,1276.56,1289.69,1261.25,1260.94,1236.25,1216.25,1242.5,1121.56,1186.88,1148.44,1126.56,1136.25,1075.94,1105.63,1073.75,1070.31,1011.25,1011.25,960.0,989.688,970.625,928.438,947.188,977.5,925.625,904.063,925.938,900.313,879.688,890.0,875.938,905.625,879.375,840.625,830.0,824.063,822.5,838.438,846.25,850.625,822.188,815.938,827.5,808.125,776.563,795.625,795.313,828.75,830.0,768.438,809.063,811.563,807.813,801.25,811.875,790.0,810.938,814.375,817.5,802.813,837.813,816.563,821.875,853.75,842.188,868.438,880.0,896.25,896.875,910.938,923.125,899.375,934.375,954.375,972.5,1009.69,1018.13,1029.38,1091.56,1064.38,1091.25,1128.44,1166.25,1168.75,1175.31,1176.88,1214.69,1223.44,1309.06,1351.25,1364.06,1371.56,1360.94,1428.44,1460.0,1537.81,1505.31,1531.25,1513.13,1524.06,1563.44,1528.13,1544.38,1520.31,1510.94,1487.19,1491.25,1470.0,1410.94,1455.31,1403.13,1352.5,1402.5,1319.38,1251.25,1207.19,1180.0,1166.88,1158.44,1132.81,1137.5,1083.44,1088.13,1013.75,1029.06,983.438,959.063,945.625,927.188,922.5,920.313,895.0,910.938,864.375,865.938,863.438,840.313,818.438,835.938,788.125,778.438,807.813,803.125,770.313,734.688,749.688,745.625,720.0,732.188,720.313,729.688,722.813,694.063,718.438,695.625,680.938,710.0,696.25,688.438,702.5,689.688,683.75,666.25,685.313,692.188,645.313,694.375,639.063,651.25,640.938,625.938,662.5,680.0,665.313,655.313,645.0,655.0,664.063,638.75,653.125,655.313,662.813,640.0,634.375,646.25,643.125,610.938,631.25,632.813,627.813,638.438,610.625,630.938,635.0,636.25,640.313,627.5,603.125,625.0,628.75,626.25,624.375,0,1,0
694.063,745.938,725.313,705.938,697.813,726.25,670.0,703.125,691.875,713.75,686.875,707.5,727.188,715.0,755.625,720.625,725.625,683.438,727.813,733.438,710.625,712.188,756.875,727.188,734.688,740.313,739.375,724.688,746.563,741.563,758.75,733.438,753.75,738.438,745.0,767.5,754.688,764.375,783.75,763.438,762.813,805.938,791.875,802.188,802.813,803.75,810.0,805.625,804.063,831.875,824.063,813.125,862.813,857.813,842.813,874.688,825.313,905.0,891.25,908.438,917.188,911.25,923.438,922.188,945.0,946.25,933.438,946.563,971.25,974.063,989.688,941.875,962.188,956.563,975.313,996.563,990.0,999.688,970.313,984.688,946.875,992.5,1017.5,973.125,999.375,973.75,966.25,930.0,968.438,908.125,913.75,918.438,907.813,910.0,877.813,942.5,909.375,899.063,887.188,853.438,857.188,790.313,821.875,842.188,829.063,820.313,803.438,806.563,791.25,803.75,761.563,797.5,786.25,759.688,770.0,780.625,739.688,773.438,755.938,754.688,757.813,760.313,739.063,763.438,730.938,746.875,739.688,746.563,736.875,750.938,746.563,899.688,936.563,909.688,909.375,912.188,904.688,858.125,898.75,869.375,908.75,887.813,903.125,937.5,885.625,881.563,915.0,928.75,889.375,936.25,897.188,924.063,888.75,918.125,911.25,881.563,889.688,920.938,904.063,917.188,898.438,905.0,916.875,911.563,938.75,904.375,948.75,918.75,901.25,905.938,917.5,945.938,924.063,926.25,930.625,910.625,929.688,918.125,904.063,939.063,957.5,940.313,937.188,925.313,982.188,958.438,988.438,963.125,988.438,950.938,1000.0,1013.44,968.438,1004.69,1022.19,1040.31,1010.31,1001.88,1058.13,1045.0,1042.19,1059.38,1042.19,1095.94,1091.88,1107.81,1067.19,1180.63,1139.69,1136.56,1186.56,1192.19,1254.38,1224.38,1242.19,1245.63,1276.25,1298.44,1304.06,1287.81,1361.25,1357.5,1344.06,1355.0,1346.25,1384.06,1400.94,1405.0,1368.44,1342.19,1305.63,1344.06,1342.81,1350.63,1299.38,1315.63,1273.13,1250.31,1185.0,1174.38,1180.0,1156.88,1171.25,1106.88,1090.31,1075.0,1039.06,1067.81,1031.56,1026.88,977.188,1002.5,980.938,987.813,945.625,949.688,932.813,930.938,937.5,893.75,924.688,880.625,905.0,879.063,901.875,883.125,861.25,848.75,869.063,868.125,844.375,839.063,829.688,830.0,835.0,839.375,837.5,853.125,820.0,831.875,789.063,815.625,800.0,833.125,835.938,830.313,835.313,860.938,869.063,861.25,853.438,865.313,822.813,880.625,863.125,875.625,869.063,879.688,879.063,902.813,932.813,914.688,922.5,966.25,948.75,951.563,981.25,1030.31,1035.94,1043.75,1098.44,1070.0,1131.88,1148.13,1143.13,1153.44,1172.81,1236.88,1290.63,1274.06,1346.88,1331.56,1400.0,1396.25,1415.94,1463.44,1498.44,1549.06,1505.0,1547.19,1575.94,1568.75,1605.0,1604.06,1555.63,1612.19,1597.81,1519.69,1545.31,1495.0,1491.56,1439.69,1414.69,1416.25,1330.0,1315.31,1252.19,1284.69,1236.25,1216.56,1180.94,1133.75,1107.81,1080.31,1110.63,1030.94,1016.88,1036.56,980.938,953.125,919.063,936.563,935.0,895.313,892.813,870.313,851.563,855.0,821.875,838.438,814.688,835.0,800.0,786.875,817.5,784.688,777.188,750.625,794.688,757.813,744.375,746.563,764.063,730.625,743.75,718.438,705.938,730.313,713.75,689.688,690.0,690.938,705.625,706.25,717.813,728.125,658.125,697.5,654.375,670.625,664.375,687.5,680.938,659.063,671.875,670.625,666.25,650.0,650.938,625.313,662.813,664.375,685.0,659.375,654.063,670.0,657.188,620.938,647.813,636.25,657.5,684.688,656.25,646.563,620.938,665.0,625.625,650.313,664.063,623.75,615.0,640.938,0,1,0
716.563,745.313,724.063,735.313,724.375,715.0,735.625,730.625,705.313,722.188,737.5,748.438,736.875,728.125,747.5,740.938,749.063,752.813,755.625,725.938,738.75,717.813,725.938,766.25,764.688,738.438,792.5,750.313,748.438,760.0,761.875,783.438,764.375,743.438,769.688,769.688,790.313,816.563,773.75,800.313,788.125,789.688,799.375,822.188,811.25,831.25,811.875,807.5,845.938,829.063,808.125,845.938,880.0,859.688,875.625,832.5,865.625,919.375,888.125,930.313,903.125,956.563,934.688,957.5,940.625,970.313,968.438,980.938,1002.81,978.75,999.375,1005.94,970.313,993.438,1013.75,998.75,1029.06,1026.88,1018.13,1021.88,1004.06,995.0,1027.19,987.188,998.438,1015.0,947.5,951.25,1008.44,980.313,972.188,953.125,944.375,922.813,911.875,895.0,885.625,921.25,894.688,885.0,890.0,829.688,839.063,839.063,833.75,846.875,853.438,834.688,812.5,810.938,802.813,821.563,800.938,783.75,778.125,790.938,818.125,786.563,802.813,805.0,794.688,758.438,780.938,780.625,789.688,773.125,759.063,744.063,739.375,754.375,772.188,917.813,926.875,920.0,937.813,919.688,931.25,928.125,926.563,927.5,924.375,947.188,950.625,934.375,940.938,895.625,932.813,922.813,925.313,935.625,943.125,928.125,938.438,929.688,932.188,942.188,935.625,901.563,922.813,949.375,944.688,940.313,936.25,945.0,936.563,938.125,950.0,960.938,949.688,969.375,957.5,958.125,937.188,945.625,962.5,965.313,973.75,957.813,967.813,938.125,980.0,974.375,1005.63,984.375,981.563,1005.94,974.375,987.813,1007.81,987.188,1002.5,1020.63,1021.56,985.938,1035.63,1051.88,1062.81,1070.0,1015.0,1044.06,1086.88,1048.44,1067.5,1092.5,1091.88,1139.38,1122.5,1153.13,1141.88,1186.88,1215.94,1200.0,1212.5,1230.0,1212.81,1249.69,1299.69,1330.0,1305.63,1367.5,1373.13,1336.88,1380.94,1383.13,1407.5,1424.38,1351.88,1415.63,1424.38,1410.0,1375.31,1367.5,1364.06,1381.25,1359.06,1332.19,1314.06,1320.94,1245.0,1265.0,1209.69,1229.06,1187.81,1171.25,1120.0,1161.56,1120.63,1110.0,1071.56,1061.25,1055.94,1006.88,1016.56,987.813,999.063,983.75,948.75,943.438,973.125,907.188,942.5,888.125,882.5,894.063,909.688,917.188,898.75,890.938,851.563,886.25,863.125,886.875,844.688,866.563,880.0,858.438,833.125,863.75,871.563,827.5,850.0,870.0,879.063,862.813,880.625,859.688,841.875,834.688,874.688,885.625,837.188,891.25,837.188,914.688,871.875,907.188,892.813,908.125,925.938,921.875,927.813,951.563,1000.0,962.5,948.438,1008.44,1013.44,1027.81,1031.25,1029.69,1113.75,1094.38,1125.0,1143.44,1195.31,1184.06,1183.13,1244.69,1281.25,1305.0,1322.5,1389.69,1387.5,1414.06,1482.5,1530.94,1503.13,1555.0,1516.88,1561.56,1580.94,1585.63,1573.44,1566.88,1647.81,1597.5,1595.63,1560.0,1554.38,1548.75,1537.5,1525.94,1514.06,1437.5,1406.88,1393.13,1355.94,1287.19,1252.19,1266.56,1240.94,1188.13,1155.94,1130.94,1115.63,1083.44,1056.25,1025.63,1010.31,984.375,995.938,962.813,943.125,937.813,947.813,934.375,950.0,902.188,900.625,848.438,865.625,841.563,830.0,851.25,838.438,798.438,778.75,777.813,748.438,794.063,782.5,740.313,742.188,737.5,762.5,737.813,736.563,722.813,738.125,722.5,726.25,704.063,690.0,726.563,709.688,709.063,721.25,690.0,683.75,715.625,708.438,693.125,663.75,711.875,683.125,692.5,706.875,672.5,689.688,684.063,656.563,668.438,672.5,680.0,675.938,671.563,681.563,691.25,659.375,645.313,654.375,667.813,673.75,651.563,650.313,680.0,688.125,658.75,671.25,648.75,653.438,670.313,0,1,0
760.0,766.563,737.5,753.438,752.813,754.063,747.5,745.313,722.5,741.875,763.438,765.938,766.563,760.313,758.75,778.125,790.0,795.0,762.188,789.375,770.625,798.75,785.313,801.563,797.188,785.938,784.063,763.75,771.563,810.0,785.313,781.563,777.813,815.0,818.125,816.875,797.813,795.625,830.0,841.563,864.375,864.063,865.313,858.438,884.688,912.5,900.0,876.25,930.0,911.563,935.0,935.0,924.063,970.938,963.75,967.188,958.438,1006.25,992.813,989.688,991.25,1036.25,1044.38,1037.81,1062.81,1033.13,1094.69,1097.5,1080.31,1073.75,1102.81,1081.88,1039.06,1097.5,1098.13,1103.75,1092.19,1088.75,1077.5,1085.31,1043.75,1045.63,1046.25,1049.38,1055.94,1050.63,1017.81,1034.69,1010.94,1006.25,989.063,966.563,942.5,939.688,989.688,976.563,936.563,890.938,926.875,943.75,913.125,903.438,881.563,879.375,886.875,871.875,872.813,832.188,840.625,854.063,824.688,825.625,844.063,824.688,824.688,778.75,801.25,809.688,796.875,791.563,808.438,779.375,769.063,775.0,814.063,813.438,778.75,784.375,781.25,734.063,748.125,1019.38,997.813,977.5,971.25,1000.31,972.813,980.625,985.0,999.063,977.5,970.625,955.313,964.688,981.25,960.0,1009.06,1008.44,1031.25,965.938,1016.88,1007.19,997.813,969.063,1002.19,1009.69,1003.44,974.375,983.125,1008.13,1004.69,1005.0,986.25,993.75,1003.75,1003.75,1020.63,1043.13,1004.38,1010.63,1010.0,1017.19,1045.94,1050.94,1015.31,1009.69,1022.19,1028.13,1038.13,1070.94,1040.31,1074.38,1082.5,1072.81,1117.19,1099.69,1085.31,1095.94,1069.06,1115.0,1108.13,1103.75,1093.44,1115.0,1139.69,1129.06,1151.88,1151.25,1175.63,1177.5,1187.5,1198.13,1235.94,1238.44,1241.25,1266.88,1259.69,1297.5,1325.94,1362.5,1332.5,1359.69,1437.5,1434.06,1445.63,1477.81,1486.25,1516.25,1495.94,1506.56,1539.06,1577.19,1543.13,1581.25,1574.38,1564.69,1572.19,1536.25,1557.81,1567.19,1467.19,1511.56,1498.13,1431.88,1476.25,1395.63,1371.25,1420.0,1354.06,1286.88,1265.0,1317.5,1220.94,1249.06,1201.88,1185.0,1170.63,1181.56,1194.38,1092.81,1096.88,1092.19,1083.44,1063.75,1075.63,1027.5,1031.56,1035.94,1002.81,1017.19,1011.25,984.688,969.063,988.438,963.75,953.75,982.813,936.563,932.188,922.5,935.0,898.75,960.0,952.188,945.313,947.813,909.688,928.125,997.5,934.688,934.375,904.063,898.125,939.375,940.938,916.875,912.188,957.188,932.5,955.0,989.688,934.063,969.688,990.625,986.875,956.875,1025.31,999.375,1031.88,1025.0,1033.44,1069.06,1102.19,1099.06,1090.63,1121.88,1163.13,1177.81,1226.88,1245.31,1217.5,1275.0,1285.0,1338.44,1373.75,1388.75,1442.5,1456.56,1498.13,1564.06,1584.38,1598.44,1641.88,1629.69,1690.63,1660.63,1695.63,1753.13,1784.69,1817.5,1796.56,1792.5,1779.38,1773.13,1765.63,1798.13,1795.63,1781.88,1716.56,1670.0,1645.94,1537.19,1606.25,1509.69,1520.0,1480.0,1423.75,1376.88,1307.81,1300.31,1277.5,1211.25,1225.63,1212.19,1145.31,1169.69,1136.25,1068.44,1095.31,1058.44,1031.88,1053.13,1022.81,987.188,954.375,990.313,940.0,899.375,942.188,945.313,904.375,890.313,884.063,860.313,862.188,823.438,853.75,832.188,862.5,834.063,830.0,820.625,791.25,820.313,805.0,786.875,763.438,762.5,787.813,761.875,759.688,780.313,753.125,778.125,778.75,783.75,746.25,774.063,766.563,750.625,746.875,751.563,722.5,753.438,743.438,733.125,718.125,724.375,725.313,734.688,741.875,744.063,723.438,725.938,733.125,724.063,718.438,714.063,731.563,744.688,716.563,708.125,683.75,713.438,712.188,706.563,710.0,724.375,713.75,718.75,689.688,712.5,0,1,0
785.313,749.063,769.688,768.125,791.25,772.5,802.5,776.563,810.0,793.75,773.75,762.188,801.25,780.313,779.688,803.438,800.313,768.125,763.125,783.438,827.188,796.563,785.0,793.75,810.0,781.563,780.625,840.938,782.5,839.375,831.25,857.188,838.125,844.688,835.625,795.0,834.688,858.125,846.25,842.188,841.25,845.625,874.688,910.0,890.313,899.063,917.188,910.313,925.0,882.188,928.438,938.125,945.313,961.875,991.563,985.0,988.438,1001.56,1037.5,1008.44,1004.06,1043.44,1060.31,1055.0,1061.56,1105.63,1086.88,1065.31,1122.81,1141.56,1112.5,1100.94,1122.19,1132.81,1122.19,1156.25,1165.94,1144.69,1117.5,1138.44,1100.94,1108.44,1115.94,1121.56,1096.56,1096.25,1110.63,1083.44,1070.0,1098.44,1062.5,1015.94,1056.25,1040.0,1020.0,1002.81,995.0,972.5,936.563,959.375,956.563,941.875,916.875,895.938,943.438,921.875,917.5,916.563,895.938,891.563,865.938,857.188,859.688,854.063,845.313,810.0,845.0,830.313,822.5,831.875,833.75,813.125,794.063,822.188,831.563,796.25,783.125,790.0,783.75,777.813,772.813,1016.25,1012.19,1031.56,997.813,1048.75,1054.69,996.563,1024.06,1022.81,1002.5,1042.19,1004.06,1015.31,1031.25,997.5,1032.81,1017.5,1008.13,975.625,1000.0,997.188,1000.31,1015.0,1028.75,1024.69,985.313,1012.19,997.5,1010.63,1030.31,1002.81,1005.31,1042.19,1033.13,1066.56,1045.94,1036.88,1033.44,1020.63,1017.5,989.688,1044.69,1045.31,1055.31,1052.19,1070.31,1045.94,1052.19,1060.31,1075.94,1114.38,1085.0,1047.81,1109.69,1102.81,1116.25,1060.0,1108.13,1092.19,1077.81,1113.75,1106.25,1166.25,1123.75,1185.0,1173.13,1161.56,1151.25,1205.94,1210.0,1246.25,1223.44,1270.0,1252.81,1325.0,1319.06,1279.69,1335.0,1366.25,1368.44,1420.0,1405.94,1430.63,1477.81,1483.75,1515.31,1508.13,1568.75,1529.38,1540.0,1552.19,1566.56,1624.38,1592.81,1640.94,1609.06,1601.56,1655.63,1622.19,1593.44,1530.31,1613.13,1531.56,1527.5,1494.69,1476.88,1452.81,1430.63,1417.5,1374.69,1349.06,1365.31,1251.25,1316.25,1246.25,1232.19,1221.88,1204.38,1170.63,1214.38,1155.63,1121.25,1115.31,1102.5,1101.88,1107.5,1082.5,1013.44,1064.69,1042.81,1031.56,1010.0,1007.19,1007.19,972.188,1010.94,978.125,999.063,971.563,952.5,989.063,963.438,966.563,1010.63,950.938,963.75,935.625,952.5,920.625,968.438,956.875,959.688,969.688,932.5,974.375,959.063,979.375,946.25,945.938,974.688,971.25,977.5,1014.38,990.625,1021.25,1040.31,1027.5,1056.25,1027.5,1067.19,1051.25,1089.69,1096.88,1105.0,1148.44,1157.5,1164.38,1218.75,1220.94,1235.31,1248.75,1334.69,1352.81,1377.19,1436.25,1428.13,1450.94,1480.63,1541.88,1571.25,1573.13,1608.75,1622.19,1720.31,1703.13,1763.75,1779.38,1779.06,1824.69,1854.69,1829.69,1904.69,1862.81,1875.31,1820.31,1823.13,1797.19,1788.44,1742.19,1720.31,1667.81,1656.25,1628.13,1613.13,1550.31,1474.06,1480.94,1450.0,1442.81,1403.75,1309.38,1300.31,1301.88,1260.0,1196.88,1184.06,1202.5,1154.06,1112.81,1087.5,1057.81,1088.13,1039.69,1030.0,1024.69,1007.19,1003.13,968.125,940.0,923.438,935.938,943.125,915.625,874.375,876.563,885.0,887.813,854.688,874.688,838.75,844.063,847.188,842.5,833.438,823.438,806.875,841.875,787.813,848.125,822.5,798.75,815.625,800.938,775.938,807.813,799.063,797.813,763.75,759.063,764.063,780.625,799.688,754.375,733.125,725.313,734.063,775.313,755.938,780.625,759.063,740.313,753.125,724.063,763.75,738.438,746.563,738.75,770.938,752.188,757.813,736.25,737.813,730.0,755.0,746.563,733.75,721.563,712.188,728.125,719.063,721.875,0,1,0
812.188,777.188,784.375,790.0,814.375,812.188,764.688,764.688,798.125,798.75,806.25,814.375,784.375,811.875,792.5,832.188,817.5,839.063,826.563,790.0,835.313,778.438,830.313,837.188,779.375,835.313,825.313,860.0,823.438,861.563,857.813,806.563,829.063,859.375,848.438,851.563,857.813,877.813,889.375,878.125,863.438,877.188,874.063,915.313,884.063,948.125,905.313,929.688,937.813,939.063,961.25,975.938,950.938,973.438,996.563,1004.06,1009.69,999.688,1021.88,973.438,1062.81,1083.44,1041.88,1064.38,1088.13,1122.19,1090.0,1105.94,1106.56,1159.38,1131.25,1175.94,1158.13,1116.25,1171.88,1152.5,1155.94,1151.88,1143.13,1150.31,1137.81,1145.63,1150.94,1148.75,1125.94,1128.44,1090.31,1118.13,1113.75,1090.94,1080.0,1103.75,1060.94,1039.69,1042.81,1006.56,1039.06,1010.31,1020.0,1011.56,981.875,986.875,975.625,978.125,946.25,950.625,955.625,925.625,898.125,909.375,915.938,878.438,899.375,878.75,870.938,870.625,887.5,867.188,870.938,838.75,854.063,827.188,824.375,871.563,831.875,797.5,808.125,817.188,847.813,801.875,791.25,1066.88,1057.19,1069.69,1059.06,1026.88,1020.63,1048.13,1064.38,1056.56,1030.0,1054.38,1030.94,1070.94,1075.0,1065.63,1040.0,1065.31,1075.31,1058.13,1061.88,1041.25,1070.0,1039.69,1044.69,1075.0,1082.5,1046.25,1130.63,1082.19,1100.31,1099.69,1092.81,1078.44,1072.5,1076.25,1118.75,1124.38,1088.75,1096.88,1099.38,1108.13,1132.5,1085.31,1080.31,1115.0,1127.19,1104.06,1085.94,1118.75,1154.69,1145.0,1145.63,1124.69,1095.94,1107.19,1140.63,1132.81,1111.56,1150.0,1156.88,1155.31,1178.44,1175.0,1186.25,1228.75,1251.88,1232.81,1241.56,1253.44,1267.19,1278.75,1296.56,1243.13,1285.31,1340.31,1342.81,1350.31,1391.25,1401.25,1477.81,1414.69,1470.94,1504.69,1511.88,1532.81,1563.75,1549.69,1585.0,1602.81,1642.19,1620.0,1647.5,1655.31,1666.56,1686.88,1678.13,1718.75,1661.88,1659.69,1682.19,1656.88,1660.94,1658.75,1642.5,1583.13,1538.75,1518.13,1487.81,1468.13,1454.06,1446.56,1420.0,1389.69,1388.13,1330.63,1335.94,1305.31,1292.5,1239.06,1203.75,1235.63,1209.06,1159.06,1157.19,1162.19,1124.06,1107.19,1082.19,1090.31,1090.0,1044.69,1057.81,1068.44,1074.38,1045.94,1038.13,1058.13,1025.31,956.25,1028.44,1022.5,979.375,960.0,1044.06,1003.13,984.375,982.188,980.0,967.5,993.75,975.0,982.188,1003.44,1006.56,1000.63,990.313,990.0,1000.63,970.313,1035.31,1005.94,1060.94,1036.25,1065.31,1026.88,1037.81,1080.31,1085.63,1089.06,1110.31,1115.63,1143.13,1130.63,1190.94,1215.94,1158.75,1173.13,1236.25,1282.81,1310.94,1321.88,1390.63,1381.25,1385.63,1448.75,1450.31,1467.81,1545.31,1578.13,1617.81,1626.56,1671.25,1682.19,1730.0,1793.13,1836.56,1845.0,1853.13,1862.19,1894.06,1925.63,1889.69,1937.81,1959.38,1931.56,1903.13,1894.69,1801.88,1812.5,1805.63,1788.75,1711.25,1651.56,1647.5,1646.88,1547.19,1508.44,1509.06,1475.63,1406.88,1411.88,1368.44,1320.31,1288.13,1299.69,1258.75,1210.94,1151.56,1126.25,1162.81,1151.56,1120.94,1065.94,1052.5,1043.75,1052.5,975.313,1012.19,967.5,985.313,920.938,972.813,950.0,918.125,931.563,919.375,920.313,924.375,891.25,896.25,867.5,895.0,869.063,838.75,884.375,850.313,893.125,851.563,835.313,847.813,848.75,836.875,862.5,813.75,810.625,813.125,802.188,801.875,815.938,824.063,779.063,792.188,783.125,782.188,757.813,785.938,770.938,790.0,769.688,815.313,767.813,801.563,803.125,770.938,779.375,773.438,757.5,782.813,752.813,762.5,780.625,774.688,766.25,784.688,776.875,762.5,764.375,750.625,765.938,759.375,748.438,0,1,0
664.063,696.563,679.688,691.25,700.625,711.563,706.25,704.063,685.938,701.563,712.5,702.813,703.438,676.25,710.0,733.438,702.5,720.938,712.5,732.188,695.625,717.5,691.563,724.063,756.25,739.063,767.5,728.125,753.438,744.375,759.375,757.5,785.625,788.75,814.688,826.875,797.5,793.438,856.25,839.688,841.875,840.625,854.375,870.625,877.188,896.563,901.563,859.375,900.625,927.188,975.313,962.813,997.5,986.875,999.375,1014.38,1031.25,1081.25,1075.63,1065.63,1118.75,1089.69,1132.19,1142.19,1158.75,1149.06,1180.94,1226.56,1210.31,1203.13,1206.56,1209.38,1231.56,1219.06,1248.44,1249.38,1273.44,1275.63,1255.31,1240.0,1240.0,1227.5,1177.81,1161.56,1207.5,1148.13,1152.19,1149.38,1159.38,1150.0,1123.44,1086.56,1096.88,1044.38,1021.25,1014.69,1035.0,984.375,968.125,969.688,947.813,903.75,918.125,892.813,866.563,889.063,863.125,880.938,856.25,855.938,825.938,795.313,800.625,792.5,800.625,807.188,777.188,766.563,777.813,749.688,737.188,767.813,772.188,724.375,721.563,698.438,705.625,716.563,694.063,696.25,685.625,992.5,949.375,970.938,989.688,993.125,959.063,993.75,959.063,991.25,950.0,986.875,948.438,957.813,989.688,1021.88,930.0,979.063,970.0,986.25,955.313,938.125,1015.63,987.5,953.75,969.688,1008.44,995.0,995.0,979.063,1002.5,971.563,1002.5,1022.81,992.188,989.063,1021.88,1010.94,1047.81,999.688,994.688,1062.19,1029.69,1026.88,1038.13,1057.19,1057.81,1037.19,1056.88,1058.44,1079.38,1069.38,1070.63,1086.88,1087.19,1102.81,1099.69,1083.75,1134.38,1151.56,1156.25,1186.25,1140.0,1185.94,1192.81,1189.69,1200.63,1251.56,1274.69,1293.13,1317.81,1342.5,1396.88,1355.31,1418.44,1426.56,1437.5,1488.44,1544.69,1529.69,1553.44,1588.13,1631.88,1682.5,1668.13,1751.25,1775.0,1810.94,1832.5,1813.75,1866.25,1900.0,1911.25,1944.38,1922.5,1954.06,1902.5,1916.25,1876.88,1923.75,1814.38,1830.94,1780.31,1810.63,1750.94,1683.44,1685.31,1614.06,1577.5,1565.94,1513.75,1493.13,1489.38,1393.75,1357.81,1363.44,1279.69,1256.56,1242.5,1235.31,1212.19,1197.81,1168.75,1121.88,1127.19,1080.0,1084.38,1101.25,1016.88,1046.25,977.813,981.875,994.063,984.375,941.25,969.375,924.375,983.75,918.125,939.375,890.625,912.813,911.875,910.938,896.563,873.125,891.563,902.813,889.063,891.875,901.25,896.875,885.625,876.563,887.188,913.438,928.438,938.75,934.063,947.5,971.875,947.188,952.5,981.563,968.75,1019.69,1011.25,1015.31,1051.25,1055.31,1105.94,1101.25,1109.06,1141.25,1146.88,1187.19,1215.63,1224.38,1297.19,1368.75,1358.13,1449.38,1457.19,1496.56,1515.94,1621.56,1695.31,1687.19,1721.88,1850.0,1882.81,1908.44,1985.0,2030.94,2071.25,2111.88,2149.38,2226.88,2223.13,2227.5,2228.13,2270.94,2250.0,2297.19,2283.44,2287.19,2190.63,2174.69,2144.06,2073.13,1969.69,1966.56,1940.63,1823.75,1725.94,1647.19,1646.88,1581.88,1569.69,1514.38,1451.88,1395.31,1345.94,1306.56,1211.88,1170.0,1157.19,1132.19,1089.69,1050.0,1006.25,1013.44,980.625,984.063,913.125,921.875,907.188,833.75,868.75,826.25,829.375,789.688,795.313,772.813,757.5,758.125,744.375,730.938,692.188,679.063,709.688,688.75,675.938,678.125,674.063,635.313,674.375,653.75,628.438,646.875,627.813,614.688,629.688,600.313,639.688,603.75,599.375,576.25,578.75,570.0,596.563,569.688,580.938,586.563,556.563,571.563,557.5,530.938,550.313,522.188,550.313,563.75,579.375,535.313,569.688,517.5,550.625,545.313,523.438,532.188,542.813,531.25,516.563,520.313,506.25,495.0,513.438,511.25,503.75,476.25,510.313,525.0,0,0,1
705.313,738.75,714.063,724.375,710.0,701.875,750.625,722.188,729.375,731.875,717.188,756.875,752.813,732.188,736.875,724.375,755.938,740.313,725.938,759.375,752.5,767.5,733.75,729.375,778.125,773.125,791.25,804.688,807.5,786.25,801.875,787.188,807.813,782.188,779.688,806.563,813.125,844.375,802.188,851.563,838.438,856.25,845.938,894.375,896.25,898.125,924.063,920.625,939.688,952.188,990.938,975.625,1013.13,1003.13,992.188,1026.88,1057.5,1055.63,1094.69,1100.63,1086.25,1108.75,1134.69,1190.0,1199.06,1178.75,1189.06,1223.75,1220.63,1305.94,1261.25,1261.25,1255.0,1285.63,1313.44,1280.94,1281.56,1298.13,1310.94,1234.69,1293.75,1264.38,1263.44,1267.5,1239.06,1213.13,1204.69,1174.38,1185.0,1151.56,1167.81,1118.44,1102.19,1083.75,1093.75,1020.63,1057.81,1030.94,1035.31,1024.38,1028.44,1005.31,956.875,981.563,970.938,897.813,930.0,886.563,879.688,884.063,845.0,868.75,849.688,834.375,818.75,787.813,785.313,794.688,787.188,763.125,793.75,790.313,774.063,750.313,778.438,739.375,719.063,723.125,753.438,717.188,707.5,1046.25,1065.63,1012.5,1032.5,1001.25,1014.38,1017.81,1006.56,1013.13,1046.88,1044.06,997.188,1021.25,1044.38,1026.88,1013.75,1028.44,1010.31,1043.44,1039.69,1009.38,1059.06,1029.38,1089.38,1052.19,1021.25,1028.75,1047.81,1029.69,1028.75,1058.75,1064.69,1076.25,1050.63,1043.75,1053.13,1055.0,1062.19,1090.63,1109.06,1067.19,1124.06,1086.88,1083.13,1095.31,1121.25,1152.19,1086.56,1098.13,1114.69,1091.88,1149.69,1162.19,1149.38,1126.88,1195.94,1187.81,1208.13,1180.94,1186.25,1216.25,1219.69,1221.56,1254.38,1251.56,1273.13,1289.06,1320.0,1337.5,1322.81,1375.31,1362.81,1425.31,1457.81,1474.69,1515.94,1521.56,1498.44,1615.0,1625.31,1676.25,1680.0,1704.69,1757.5,1788.13,1824.06,1870.94,1919.38,1917.81,1986.25,1964.06,2003.13,2016.88,2003.13,1971.56,2010.63,1993.13,2009.69,2004.69,1980.94,1943.13,1909.69,1935.0,1900.63,1835.0,1772.81,1723.75,1727.19,1659.06,1626.25,1584.06,1553.75,1495.63,1469.38,1445.94,1430.63,1354.38,1305.63,1306.56,1282.5,1212.19,1245.63,1233.44,1187.5,1158.44,1144.06,1145.63,1079.06,1069.38,1052.19,1068.75,1050.94,1008.75,1015.63,1002.5,1025.94,995.938,978.125,961.875,960.0,995.625,973.438,954.063,927.188,959.375,977.188,914.688,946.875,914.375,932.813,939.688,912.813,914.375,932.5,959.688,932.188,920.313,989.063,935.313,950.313,997.188,958.438,946.563,985.938,1043.13,1020.31,1050.63,1049.06,1083.44,1126.56,1118.13,1155.0,1144.06,1242.19,1209.38,1286.25,1323.13,1334.69,1391.88,1414.06,1441.56,1481.56,1554.69,1571.56,1633.75,1662.5,1785.0,1789.69,1831.56,1985.0,1979.69,2019.69,2090.0,2138.75,2157.5,2197.19,2298.75,2270.94,2412.81,2366.25,2319.38,2355.94,2389.06,2387.81,2413.13,2354.38,2266.56,2232.5,2217.81,2130.94,2074.69,2059.06,2002.81,1901.88,1849.38,1794.69,1734.06,1676.56,1634.06,1541.88,1488.44,1442.19,1440.94,1350.31,1318.44,1261.56,1221.25,1198.13,1147.19,1130.0,1055.63,1052.19,1035.63,969.688,977.5,961.875,924.688,949.063,890.938,905.0,859.063,849.063,870.0,827.5,825.0,786.875,735.938,749.688,762.813,749.688,714.063,715.938,737.188,700.0,706.25,678.438,669.688,695.313,665.0,674.375,659.688,653.75,651.875,631.875,626.25,614.375,611.563,594.375,598.438,597.188,608.125,606.563,606.25,587.188,585.625,594.063,602.188,578.125,585.625,600.313,575.313,586.25,572.5,553.438,551.563,572.188,566.25,546.563,581.25,521.563,523.75,541.25,555.625,560.313,561.25,521.25,535.0,563.438,546.875,541.875,562.5,0,0,1
719.375,733.75,738.438,711.563,713.125,701.563,753.125,700.0,733.75,723.438,739.375,731.563,730.938,744.688,750.313,744.063,765.0,776.563,756.875,756.25,782.813,764.063,779.063,749.375,768.75,784.688,767.5,809.063,777.188,800.625,799.375,790.313,794.063,820.0,825.938,837.5,847.5,813.75,842.813,837.5,877.5,855.625,867.188,919.063,925.625,902.5,895.313,933.125,958.438,982.813,956.563,914.375,1008.75,1010.63,1030.63,1088.44,1095.0,1050.63,1075.94,1125.31,1130.0,1173.13,1164.06,1169.06,1201.88,1230.63,1228.75,1211.56,1240.94,1276.25,1244.06,1291.25,1325.31,1274.69,1313.44,1312.19,1308.13,1322.19,1331.88,1337.19,1266.56,1265.0,1251.88,1309.69,1251.88,1239.69,1210.63,1200.94,1180.0,1180.94,1129.69,1162.19,1127.81,1121.88,1123.44,1109.69,1054.69,1045.63,1049.38,1011.88,1010.31,971.563,973.75,944.375,922.5,896.875,882.813,942.188,897.813,871.563,878.125,871.563,867.5,813.75,830.938,840.938,833.75,827.5,778.125,785.313,748.75,795.0,782.813,735.313,731.25,728.438,718.125,748.75,760.0,730.625,741.25,1020.0,1009.06,1030.0,1056.25,1026.56,1060.0,1045.31,1040.63,1041.56,1012.81,1018.13,1075.94,1031.88,1000.0,1036.88,1051.88,1061.25,1033.44,1062.5,1054.06,1014.06,1046.56,1045.0,1031.88,1019.69,1039.69,1062.81,1080.0,1074.69,1033.13,1053.44,1072.5,1039.69,1076.25,1100.94,1086.56,1079.69,1060.63,1031.25,1067.5,1079.38,1136.56,1126.88,1105.63,1117.5,1132.5,1087.19,1090.63,1146.25,1154.38,1160.63,1146.25,1155.31,1155.63,1162.81,1185.31,1196.56,1183.13,1226.88,1180.0,1226.25,1251.88,1293.13,1249.38,1305.63,1304.38,1296.25,1334.69,1372.81,1351.56,1405.0,1412.19,1479.06,1452.19,1496.88,1515.94,1542.81,1540.31,1581.56,1591.56,1659.38,1725.63,1735.31,1813.13,1806.88,1820.31,1893.44,1886.56,1958.44,1966.25,2023.75,1972.19,1998.13,2062.5,2063.75,2060.0,2038.13,2043.13,1944.69,1970.94,1964.06,1895.0,1932.81,1897.19,1847.19,1813.13,1772.5,1751.25,1705.94,1671.56,1619.69,1569.38,1548.75,1526.25,1466.88,1431.56,1384.38,1403.75,1318.13,1335.63,1286.56,1277.5,1211.56,1199.06,1156.88,1175.94,1132.5,1127.19,1121.88,1078.13,1111.25,1081.88,1046.25,1045.0,1016.56,1027.81,1033.75,985.625,1017.5,1010.94,943.75,963.75,968.75,962.188,950.313,958.438,974.688,944.688,964.063,930.625,958.75,948.75,953.438,949.688,931.875,953.75,957.5,968.75,991.25,979.375,953.75,1031.56,1039.69,1011.56,1027.81,1065.63,1057.81,1105.0,1061.88,1077.81,1132.5,1145.94,1195.0,1181.88,1246.56,1237.5,1275.94,1304.69,1376.56,1376.25,1448.13,1513.44,1576.88,1607.19,1639.69,1740.94,1775.63,1823.13,1879.69,1952.81,1991.56,2051.88,2136.56,2135.0,2222.19,2262.81,2328.44,2318.13,2318.75,2371.56,2372.5,2424.06,2431.56,2411.56,2388.44,2437.5,2409.38,2335.31,2310.63,2181.56,2146.88,2109.69,2043.44,1979.06,1899.38,1845.63,1811.56,1723.13,1710.31,1569.06,1552.81,1512.81,1436.88,1400.94,1340.63,1296.88,1292.5,1223.75,1187.5,1160.63,1122.81,1082.19,1054.69,1054.06,997.188,1020.0,978.125,939.063,918.75,891.25,872.188,811.563,850.0,823.75,813.75,796.25,771.25,766.563,783.75,734.063,777.188,723.125,710.625,719.688,727.5,674.375,702.813,675.0,682.813,676.563,666.875,669.063,675.625,634.688,659.375,630.313,597.188,630.0,613.75,631.563,623.75,597.813,602.5,595.625,616.25,557.5,596.563,579.688,581.875,565.938,577.813,591.875,590.625,576.25,538.125,550.313,586.563,560.0,566.875,565.938,552.188,564.688,590.0,553.438,570.938,551.25,543.125,555.0,539.688,539.688,512.188,0,0,1
770.0,778.75,759.063,752.5,757.188,727.5,746.875,744.688,778.125,777.188,758.438,758.75,748.125,770.625,785.313,789.063,757.813,789.063,772.188,830.938,802.188,819.688,779.375,815.625,792.188,777.188,795.625,829.063,815.0,832.5,821.875,820.0,855.625,839.375,848.125,888.438,895.625,916.25,874.688,915.0,920.938,941.563,946.25,950.0,960.938,995.938,965.625,1011.88,978.75,992.188,1017.19,1055.31,1065.63,1095.0,1077.19,1122.19,1124.38,1136.88,1177.19,1191.56,1235.0,1212.5,1210.31,1247.81,1275.94,1265.63,1274.38,1308.13,1326.88,1328.13,1297.81,1332.5,1371.56,1343.13,1352.19,1330.31,1347.81,1334.38,1398.13,1363.13,1364.06,1356.88,1360.0,1307.5,1315.0,1283.13,1250.94,1228.44,1236.88,1209.38,1195.63,1208.13,1143.75,1156.25,1153.44,1119.69,1109.69,1076.25,1080.63,1088.75,1049.06,1025.63,1021.56,1010.63,987.813,955.0,985.938,894.063,929.063,925.938,917.5,897.5,855.938,876.563,906.563,869.688,852.5,858.75,820.938,818.75,820.313,834.063,804.688,788.438,787.5,803.438,760.313,771.875,771.25,763.75,740.313,1094.69,1069.06,1084.38,1070.0,1054.06,1070.0,1108.44,1087.5,1103.13,1115.94,1081.88,1097.81,1040.63,1087.19,1116.56,1121.56,1083.75,1075.94,1080.31,1103.75,1085.0,1102.19,1090.31,1070.31,1098.13,1114.06,1154.06,1127.81,1126.56,1110.94,1125.94,1115.31,1122.19,1118.44,1137.81,1109.38,1149.38,1125.0,1174.69,1119.69,1135.31,1140.94,1157.81,1171.56,1187.5,1157.19,1177.5,1241.25,1192.5,1239.69,1206.88,1181.25,1206.25,1233.75,1227.81,1240.0,1309.06,1279.38,1300.63,1340.94,1269.69,1348.44,1334.38,1346.56,1370.94,1447.19,1402.19,1455.0,1455.94,1505.63,1477.5,1546.88,1592.19,1544.06,1583.75,1630.94,1667.19,1685.0,1714.06,1740.94,1843.75,1864.69,1867.19,1902.19,1956.88,1998.44,2024.69,2081.56,2090.63,2092.81,2121.56,2170.0,2140.31,2155.0,2133.75,2168.44,2125.31,2106.56,2097.5,2061.56,2143.44,2038.13,2029.69,1988.75,1955.31,1887.19,1856.25,1833.75,1748.75,1705.31,1715.0,1653.75,1650.63,1543.13,1520.0,1475.31,1448.75,1400.0,1416.88,1385.31,1339.69,1278.13,1321.25,1269.38,1260.0,1190.0,1195.0,1210.0,1148.13,1130.0,1095.63,1111.88,1111.25,1102.19,1088.75,1065.63,1079.69,1022.81,1039.69,1076.88,1038.44,1018.75,1029.38,1022.19,1035.31,1008.75,1030.0,1040.94,1063.13,984.375,1004.69,1031.56,1005.94,1024.69,1030.31,1045.0,1017.19,1036.25,1050.63,1064.69,1036.88,1045.94,1067.5,1076.25,1118.13,1149.69,1126.88,1185.63,1200.0,1210.63,1259.06,1237.81,1283.13,1309.38,1335.94,1344.38,1418.75,1459.38,1541.88,1574.38,1564.38,1625.63,1705.31,1766.56,1790.94,1853.75,1939.06,1963.44,1993.75,2131.88,2107.81,2242.81,2266.25,2364.69,2399.38,2375.94,2485.31,2532.81,2523.75,2547.5,2557.19,2502.19,2511.88,2618.44,2538.44,2466.88,2417.19,2391.88,2351.88,2275.31,2241.56,2160.0,2048.44,2026.88,1985.94,1881.25,1813.13,1780.0,1735.0,1655.31,1557.5,1590.94,1481.88,1464.69,1392.81,1355.31,1301.25,1242.81,1219.38,1211.25,1177.19,1137.5,1094.06,1090.0,1042.5,1045.94,1023.13,985.625,940.0,946.25,947.188,914.063,891.563,885.0,870.625,891.25,840.625,812.188,769.375,838.125,769.063,729.375,755.0,712.5,720.0,727.813,718.75,731.875,715.313,720.938,684.688,707.5,701.875,653.438,680.0,683.125,671.25,664.063,667.813,672.813,652.5,668.438,655.938,655.625,666.563,642.188,617.188,639.375,628.438,641.563,618.125,614.688,626.25,616.875,628.438,613.125,578.438,589.375,612.813,612.5,598.75,607.813,609.688,594.688,596.25,555.938,585.0,586.25,565.313,572.5,620.313,0,0,1
770.938,803.125,770.938,787.188,796.563,764.375,794.688,749.688,795.625,770.0,768.75,800.313,803.438,792.188,797.813,788.75,800.0,800.313,802.813,798.75,818.75,822.188,795.938,826.563,788.438,845.313,815.0,855.938,822.188,871.875,867.188,868.75,871.875,887.188,905.938,885.0,900.938,899.688,886.563,888.75,936.563,928.75,946.25,930.938,965.938,978.438,1000.31,1025.63,1017.81,1060.0,1062.81,1044.69,1079.38,1061.56,1115.0,1097.19,1127.5,1152.5,1182.19,1189.38,1235.31,1223.44,1251.56,1266.25,1265.0,1321.56,1290.31,1328.75,1339.06,1349.38,1360.31,1433.44,1379.69,1397.81,1413.13,1409.06,1438.44,1400.63,1449.06,1406.88,1382.19,1368.13,1362.81,1355.94,1292.19,1331.88,1330.31,1291.56,1253.13,1295.0,1232.5,1238.13,1211.88,1213.13,1192.19,1127.19,1155.31,1135.0,1121.88,1060.0,1100.0,1075.63,1047.81,1062.5,1007.5,1007.19,957.5,1018.44,959.063,958.125,962.5,949.688,875.625,879.063,887.813,871.563,885.313,876.25,870.938,864.375,839.375,849.688,827.813,805.938,814.375,820.313,815.938,823.125,776.563,814.063,772.5,1159.06,1102.5,1084.69,1098.13,1131.25,1125.31,1128.44,1131.88,1109.06,1131.25,1090.0,1099.69,1084.69,1112.5,1135.0,1117.81,1097.81,1098.13,1098.44,1105.63,1153.44,1123.75,1130.0,1111.25,1131.56,1119.38,1143.13,1138.75,1127.5,1174.69,1165.63,1143.13,1150.94,1114.06,1098.13,1146.25,1168.75,1139.38,1159.38,1167.5,1180.63,1194.38,1185.63,1180.63,1189.38,1180.0,1194.38,1201.88,1187.19,1183.13,1187.81,1211.25,1223.75,1274.38,1285.0,1277.81,1269.38,1290.31,1300.94,1275.0,1342.81,1323.75,1352.81,1346.25,1391.56,1425.0,1418.44,1480.63,1483.13,1486.25,1475.31,1458.13,1540.31,1537.81,1576.56,1613.13,1671.88,1712.5,1719.06,1706.88,1803.44,1804.38,1884.06,1919.38,1938.75,1995.31,1989.38,2017.81,2055.94,2092.5,2160.31,2179.06,2125.31,2134.06,2148.75,2176.56,2197.19,2212.5,2138.44,2174.69,2149.06,2071.56,2078.44,2079.38,2053.75,1990.31,1937.5,1896.25,1814.06,1849.06,1786.25,1741.88,1693.13,1625.31,1590.31,1568.75,1562.5,1460.0,1431.25,1438.75,1418.75,1320.63,1352.19,1312.19,1260.94,1275.0,1186.88,1220.63,1219.69,1202.19,1186.56,1154.38,1141.56,1149.38,1128.75,1093.75,1095.31,1106.25,1065.94,1061.56,1062.19,1020.94,1035.94,1035.94,1029.69,1021.88,995.625,1015.0,1043.44,1037.19,1027.5,1039.06,1027.81,1037.19,1040.94,1051.56,1042.5,1049.06,1052.81,1085.31,1086.88,1067.81,1096.56,1075.0,1139.69,1119.69,1128.13,1148.44,1180.63,1229.69,1248.75,1270.31,1225.94,1311.56,1309.69,1339.38,1371.25,1409.69,1471.88,1513.75,1566.88,1615.94,1627.5,1653.44,1751.25,1812.81,1923.13,1930.0,1997.5,1999.06,2174.38,2173.13,2255.94,2315.94,2301.56,2425.94,2461.25,2492.5,2544.69,2609.06,2580.31,2610.31,2588.44,2608.44,2590.31,2586.56,2607.19,2480.0,2419.38,2371.88,2315.63,2282.19,2200.63,2145.94,2088.75,2039.69,1911.25,1842.81,1804.69,1810.94,1686.25,1679.38,1580.31,1515.94,1484.38,1412.19,1360.0,1312.81,1299.06,1250.94,1219.69,1182.81,1141.25,1124.06,1112.5,1048.44,1047.19,1008.13,997.188,945.313,968.438,920.313,933.125,913.438,904.063,863.438,903.125,824.688,846.563,858.75,799.688,780.0,773.438,785.0,786.875,776.563,720.0,742.188,702.813,745.938,723.75,738.75,721.875,724.375,718.438,709.688,706.875,703.438,707.813,671.875,683.125,651.875,658.438,669.375,664.063,657.813,643.438,643.125,623.75,640.938,654.375,634.063,610.938,622.188,643.125,643.125,627.5,621.25,652.5,624.688,598.75,593.125,587.813,631.875,595.938,595.0,587.5,586.875,608.438,586.25,599.063,0,0,1
806.25,762.188,752.188,775.938,775.0,782.813,797.5,772.188,757.5,799.688,785.938,793.125,795.625,802.813,797.188,778.125,776.563,772.188,814.063,842.188,820.0,820.938,834.688,840.625,822.813,835.313,830.625,852.5,835.938,858.438,869.375,842.813,858.125,879.063,860.625,866.875,877.813,890.0,914.688,945.938,938.125,925.313,928.75,942.188,1008.44,965.625,990.938,979.375,999.688,1051.88,1072.19,1072.81,1055.94,1097.19,1119.06,1152.5,1119.38,1170.63,1188.44,1166.56,1196.56,1171.88,1206.56,1222.5,1273.75,1249.06,1303.75,1295.31,1350.0,1318.75,1340.94,1355.31,1375.31,1387.19,1395.0,1408.13,1393.75,1383.75,1352.81,1355.31,1307.5,1377.81,1377.19,1365.0,1348.13,1310.31,1345.0,1357.19,1264.69,1292.81,1240.0,1280.31,1230.63,1207.19,1178.13,1174.38,1111.88,1143.13,1104.69,1091.56,1064.69,1080.63,1045.94,1015.94,1018.13,1017.81,986.875,989.063,952.5,952.5,950.625,923.125,907.813,863.438,910.938,860.313,854.063,867.188,897.188,889.375,844.063,823.125,848.125,792.813,810.313,811.563,805.938,835.938,785.0,796.875,787.5,1163.13,1164.69,1119.69,1135.0,1108.75,1110.0,1123.44,1107.19,1111.56,1138.13,1125.63,1101.88,1128.13,1140.63,1127.81,1113.44,1135.94,1127.19,1111.25,1092.81,1131.25,1142.81,1096.25,1115.63,1081.88,1149.06,1189.06,1151.25,1125.31,1108.75,1152.19,1125.0,1120.63,1136.56,1161.25,1161.25,1161.88,1187.5,1155.31,1169.69,1120.0,1158.75,1161.56,1196.88,1195.0,1197.5,1206.88,1225.0,1187.5,1213.44,1216.25,1234.06,1257.19,1217.19,1264.69,1262.5,1309.69,1295.31,1266.56,1288.75,1374.06,1324.69,1347.81,1348.75,1332.5,1389.69,1435.0,1392.5,1451.88,1448.13,1504.69,1531.56,1533.13,1518.75,1590.31,1587.19,1657.19,1636.56,1722.5,1715.63,1767.5,1846.56,1901.25,1830.0,1890.63,2021.56,2010.31,2032.81,2122.5,2087.5,2158.13,2149.06,2182.19,2213.44,2193.75,2284.38,2202.81,2181.88,2223.13,2197.19,2110.63,2114.69,2139.06,2086.56,2055.94,2019.38,1990.63,1885.63,1849.38,1820.63,1783.13,1714.06,1710.63,1681.88,1646.88,1575.0,1557.19,1482.81,1496.88,1421.56,1399.38,1339.38,1368.44,1322.5,1291.56,1250.31,1256.56,1262.5,1201.25,1188.13,1196.56,1148.13,1146.88,1122.19,1132.19,1106.88,1109.38,1064.69,1080.31,1081.25,1033.44,1060.0,1099.06,1044.06,1043.13,1038.75,1000.63,1045.0,1021.56,1011.25,1008.75,1051.25,1031.88,1045.31,1077.81,1068.13,1063.75,1054.69,1068.75,1061.88,1089.69,1076.56,1094.38,1102.81,1110.94,1153.13,1152.81,1179.06,1156.25,1212.81,1241.88,1230.63,1284.06,1309.69,1336.25,1375.63,1394.38,1412.5,1477.81,1481.88,1526.25,1624.69,1629.38,1720.31,1782.5,1780.31,1875.31,1912.19,1992.81,2017.5,2098.75,2133.75,2233.13,2293.13,2369.38,2427.5,2406.88,2459.69,2511.56,2527.19,2579.38,2599.38,2579.06,2632.5,2595.94,2609.38,2601.88,2469.06,2433.13,2460.94,2417.81,2285.0,2186.25,2134.06,2080.0,2032.81,2000.94,1865.31,1814.38,1771.88,1724.06,1669.06,1578.75,1543.13,1498.75,1434.06,1391.25,1365.63,1292.19,1285.94,1159.06,1148.75,1179.06,1117.81,1100.0,1091.25,1056.56,1038.13,1002.5,985.938,950.313,951.563,951.563,900.0,886.563,920.313,843.75,862.188,820.625,802.188,807.188,804.063,784.375,780.625,764.688,752.813,776.875,752.188,760.625,730.625,728.438,710.313,710.625,755.938,703.125,685.625,680.313,688.438,673.438,686.563,686.875,686.875,685.938,659.688,643.75,677.5,661.563,632.188,633.125,637.188,632.813,637.5,659.688,637.5,645.625,612.813,629.063,610.313,607.5,600.938,618.75,612.188,602.5,618.75,603.75,605.0,575.313,603.438,597.813,591.25,616.563,0,0,1
