389,388.9,388.8,388.7,388.6,388.5,388.4,388.3,388.2,388.1,388,387.9,387.8,387.7,387.6,387.5,387.4,387.3,387.2,387.1,387,386.9,386.8,386.7,386.6,386.5,386.4,386.3,386.2,386.1,386,385.9,385.8,385.7,385.6,385.5,385.4,385.3,385.2,385.1,385,384.9,384.8,384.7,384.6,384.5,384.4,384.3,384.2,384.1,384,383.9,383.8,383.7,383.6,383.5,383.4,383.3,383.2,383.1,383,382.9,382.8,382.7,382.6,382.5,382.4,382.3,382.2,382.1,382,381.9,381.8,381.7,381.6,381.5,381.4,381.3,381.2,381.1,381,380.9,380.8,380.7,380.6,380.5,380.4,380.3,380.2,380.1,380,379.9,379.8,379.7,379.6,379.5,379.4,379.3,379.2,379.1,379,378.9,378.8,378.7,378.6,378.5,378.4,378.3,378.2,378.1,378,377.9,377.8,377.7,377.6,377.5,377.4,377.3,377.2,377.1,377,376.9,376.8,376.7,376.6,376.5,376.4,376.3,376.2,376.1,376,La,F,N
1650.0,1683.44,1656.56,1654.06,1662.19,1653.13,1687.19,1649.06,1713.44,1639.06,1667.19,1657.81,1675.63,1662.81,1634.38,1702.19,1674.38,1700.63,1676.56,1652.5,1679.38,1697.5,1732.5,1745.63,1703.13,1720.0,1707.5,1747.5,1690.31,1686.56,1721.56,1763.75,1737.81,1774.38,1778.13,1729.38,1782.19,1755.0,1812.5,1802.19,1800.0,1798.13,1757.81,1846.56,1840.63,1828.44,1830.31,1868.75,1877.19,1879.69,1845.63,1941.56,1907.19,1921.25,1906.56,1970.63,2005.94,2010.63,2019.69,2022.81,2031.56,2051.25,2102.81,2150.63,2113.13,2204.06,2120.31,2185.31,2243.75,2229.38,2281.25,2253.75,2306.56,2318.13,2333.44,2398.44,2405.31,2363.44,2397.19,2399.69,2458.13,2509.06,2418.13,2432.5,2484.69,2469.06,2373.44,2446.88,2430.94,2463.44,2428.75,2421.56,2355.0,2376.88,2351.25,2386.25,2298.44,2260.0,2241.25,2231.25,2218.13,2189.69,2160.63,2162.5,2136.56,2142.19,2094.38,2059.69,2011.25,2022.19,1989.38,1970.31,1957.5,1957.19,1915.0,1895.0,1925.31,1940.63,1835.63,1855.94,1831.25,1830.63,1856.88,1824.06,1800.94,1783.44,1778.44,1804.06,1798.13,1776.25,1760.31,0.005,0.0,0.0
1665.0,1641.88,1663.13,1663.13,1639.38,1690.63,1677.5,1645.94,1637.81,1676.88,1676.25,1644.38,1649.69,1675.63,1659.06,1646.25,1677.5,1662.19,1726.56,1670.0,1665.94,1671.88,1667.19,1736.56,1689.69,1734.06,1714.06,1710.63,1741.25,1685.31,1734.06,1672.81,1724.06,1721.25,1758.13,1752.19,1736.56,1786.88,1748.44,1755.94,1758.13,1780.63,1814.38,1793.44,1836.88,1852.19,1830.31,1869.06,1879.38,1865.63,1879.38,1957.5,1922.19,1890.31,1958.13,1914.06,1970.31,1976.25,2039.38,2065.0,2070.94,2077.5,2117.5,2069.69,2156.25,2143.75,2151.56,2184.69,2190.31,2289.69,2255.63,2265.94,2306.88,2332.19,2350.31,2415.63,2417.5,2441.25,2443.44,2423.44,2432.19,2458.13,2455.94,2413.75,2404.06,2418.75,2452.19,2454.38,2469.06,2466.25,2391.25,2463.44,2420.0,2365.31,2360.31,2400.63,2376.25,2321.25,2301.56,2257.5,2239.06,2230.0,2182.81,2221.25,2173.44,2133.75,2099.06,2078.44,2070.63,2027.5,2042.19,1995.63,1991.56,1947.81,1978.75,1921.25,1962.19,1880.0,1891.25,1894.06,1857.19,1880.94,1840.94,1877.5,1770.94,1793.75,1798.44,1752.19,1791.56,1802.81,1775.94,0.005,0.0,0.0
1635.63,1629.38,1677.19,1658.44,1662.81,1685.0,1645.63,1654.06,1671.56,1662.5,1654.69,1661.88,1651.88,1613.13,1710.31,1660.31,1656.88,1676.56,1656.25,1699.38,1712.19,1686.88,1735.94,1684.69,1697.19,1678.75,1682.5,1730.63,1632.81,1720.0,1721.56,1738.75,1740.94,1781.25,1778.75,1748.75,1783.44,1770.63,1740.94,1801.25,1834.06,1735.0,1815.63,1814.06,1818.75,1811.25,1815.94,1855.94,1893.44,1909.38,1857.19,1901.25,1932.5,1922.19,1955.63,1951.25,1979.06,1996.25,2002.81,2081.56,2081.25,2074.06,2121.88,2087.5,2191.56,2185.63,2212.5,2227.5,2229.69,2205.31,2340.0,2323.13,2300.94,2320.31,2404.06,2390.94,2429.38,2411.88,2385.31,2500.31,2481.25,2496.25,2510.31,2458.75,2509.06,2430.31,2493.75,2506.56,2483.75,2535.31,2486.88,2484.06,2488.13,2439.06,2433.44,2355.0,2349.38,2302.81,2312.81,2297.81,2252.19,2281.88,2242.19,2190.0,2191.88,2147.5,2173.13,2136.88,2049.38,2117.5,2088.44,2048.75,1995.63,1963.13,1958.75,1987.5,1980.0,1908.13,1891.25,1889.38,1890.31,1832.19,1837.5,1824.38,1851.25,1828.13,1786.88,1795.0,1798.13,1766.25,1769.06,0.005,0.0,0.0
1640.63,1652.81,1667.5,1670.63,1660.94,1649.69,1622.19,1647.5,1599.06,1680.63,1582.81,1633.75,1663.44,1639.06,1610.0,1644.06,1597.81,1626.88,1640.0,1612.81,1627.81,1636.88,1640.94,1653.44,1612.19,1665.63,1684.38,1638.13,1709.69,1629.38,1704.69,1710.94,1713.44,1715.0,1706.56,1684.38,1729.38,1714.38,1736.88,1716.88,1726.88,1761.56,1761.88,1754.38,1726.56,1790.31,1788.44,1792.81,1810.63,1793.44,1835.31,1837.5,1867.81,1816.56,1859.38,1854.69,1890.63,1927.19,1937.5,1933.13,1994.38,1981.56,2024.38,2026.88,2015.94,2070.31,2055.31,2075.63,2113.13,2079.38,2122.81,2168.75,2203.13,2228.13,2164.69,2210.0,2300.31,2280.31,2288.44,2297.81,2340.0,2285.0,2284.38,2288.44,2327.81,2360.0,2326.25,2263.13,2330.31,2345.31,2315.63,2361.56,2255.31,2279.06,2308.44,2192.5,2227.81,2193.13,2163.44,2163.75,2122.5,2124.69,2112.19,2093.13,2072.19,2059.38,2031.88,2040.63,1996.56,1953.75,1965.94,1946.25,1921.88,1902.81,1911.25,1934.69,1851.25,1869.06,1869.38,1819.69,1873.13,1802.81,1806.88,1759.06,1775.94,1784.38,1701.56,1711.25,1769.06,1725.94,1738.44,3.4,0.0,0.0
1679.38,1651.25,1656.88,1617.81,1602.81,1609.38,1660.31,1617.19,1626.25,1649.38,1630.94,1646.25,1648.44,1679.38,1667.19,1651.56,1655.31,1609.06,1635.94,1630.31,1635.31,1625.0,1690.0,1630.63,1662.5,1678.13,1703.44,1664.06,1671.56,1713.44,1705.31,1657.81,1701.88,1686.25,1676.88,1704.69,1703.75,1732.81,1724.38,1758.75,1751.56,1740.31,1729.06,1731.56,1759.69,1780.31,1786.88,1867.5,1824.69,1790.31,1844.06,1777.5,1870.31,1841.56,1869.06,1885.63,1894.06,1918.13,1888.44,1899.06,1957.5,1990.31,1980.63,2076.88,2085.31,2064.38,2087.5,2101.25,2096.25,2129.06,2155.31,2136.88,2194.06,2205.0,2259.38,2288.75,2234.69,2225.63,2225.0,2337.81,2315.0,2336.56,2354.06,2319.69,2315.63,2381.88,2371.25,2354.38,2344.38,2268.13,2288.13,2353.13,2293.44,2274.38,2265.31,2228.13,2239.69,2246.56,2252.81,2176.25,2153.44,2151.56,2163.13,2122.19,2119.69,2061.25,2049.69,2026.56,2023.75,1974.38,1974.06,1946.56,1943.44,1875.94,1933.44,1890.94,1826.56,1857.19,1806.88,1856.56,1876.56,1795.63,1779.69,1790.94,1771.25,1784.69,1765.63,1736.56,1769.06,1697.19,1718.75,3.4,0.0,0.0
1622.5,1660.94,1655.63,1640.94,1628.13,1635.31,1655.0,1605.0,1600.94,1603.44,1629.06,1639.69,1655.0,1621.25,1667.5,1629.38,1636.25,1658.13,1640.0,1613.75,1637.5,1698.44,1677.81,1673.13,1672.5,1662.5,1674.06,1672.19,1685.31,1672.5,1710.94,1706.88,1688.13,1694.69,1682.81,1686.25,1692.19,1727.19,1713.13,1724.69,1745.31,1770.31,1774.69,1754.06,1753.44,1833.44,1831.88,1808.44,1818.75,1776.88,1824.69,1851.88,1826.56,1857.5,1855.63,1890.94,1931.88,1901.88,1976.56,1946.25,1995.0,2005.94,2028.13,2045.63,2017.19,2064.69,2082.81,2099.38,2115.63,2157.81,2171.25,2150.0,2216.88,2252.5,2286.25,2229.69,2305.94,2287.81,2305.0,2278.13,2368.13,2293.75,2375.94,2383.75,2350.0,2326.88,2402.19,2332.5,2329.38,2372.5,2311.25,2316.25,2357.19,2263.75,2326.56,2251.88,2238.44,2251.25,2169.38,2183.13,2151.88,2153.44,2118.13,2113.75,2098.13,2153.44,2000.31,2013.13,2001.56,1998.13,1961.25,1959.06,1964.06,1937.81,1908.13,1903.13,1950.0,1892.81,1841.56,1813.75,1760.94,1810.0,1791.56,1762.19,1789.69,1770.0,1757.5,1792.5,1749.69,1718.44,1701.56,3.4,0.0,0.0
1646.25,1622.5,1614.06,1658.75,1617.5,1637.81,1655.94,1655.94,1660.63,1666.56,1650.31,1686.88,1647.81,1632.19,1674.06,1649.69,1643.44,1636.88,1628.44,1673.44,1667.19,1652.5,1678.44,1647.5,1660.94,1680.63,1676.25,1642.19,1735.31,1663.75,1653.75,1704.69,1711.88,1741.56,1734.38,1753.44,1720.63,1789.38,1695.63,1703.44,1711.25,1751.56,1773.44,1740.0,1817.81,1828.44,1821.56,1800.0,1853.44,1817.5,1838.75,1864.38,1888.44,1873.75,1892.81,1918.75,1942.5,1950.63,1939.06,1967.81,1931.56,2037.19,1991.88,2088.75,2043.13,2070.94,2093.44,2090.31,2128.13,2214.06,2185.31,2183.44,2208.75,2259.38,2290.63,2236.88,2312.19,2314.69,2295.31,2327.5,2381.25,2344.69,2328.44,2340.63,2320.94,2341.25,2336.88,2331.88,2327.81,2268.44,2296.56,2295.0,2286.25,2264.38,2256.25,2296.56,2216.88,2231.56,2200.63,2190.94,2175.94,2203.75,2124.06,2096.25,2120.94,2068.44,2033.44,1994.06,1975.0,2007.5,2019.38,1957.19,1927.19,1984.06,1924.06,1859.38,1847.81,1876.88,1870.94,1850.0,1830.94,1827.81,1800.63,1780.0,1733.13,1793.44,1729.38,1721.88,1715.94,1795.94,1757.5,1.2,0.0,0.0
1653.13,1644.06,1650.31,1657.81,1679.38,1644.06,1622.19,1656.88,1652.81,1665.94,1658.75,1644.69,1637.81,1626.88,1645.31,1622.5,1674.38,1643.13,1641.25,1660.63,1633.13,1625.31,1674.06,1688.75,1642.5,1639.69,1622.81,1661.88,1638.44,1682.19,1645.94,1688.75,1682.81,1722.19,1675.0,1720.31,1683.44,1761.56,1733.44,1716.25,1711.56,1792.81,1795.31,1747.5,1744.06,1768.44,1772.19,1799.06,1770.31,1793.75,1785.0,1826.25,1846.25,1843.44,1864.69,1901.88,1933.75,1966.25,1983.44,1930.94,1998.44,2068.75,2054.06,2031.56,2037.19,2038.75,2095.94,2131.25,2145.31,2161.56,2201.88,2167.81,2243.75,2240.0,2252.5,2286.56,2288.44,2315.63,2350.94,2305.31,2323.13,2298.44,2334.06,2317.19,2354.06,2375.63,2358.44,2252.81,2342.5,2336.56,2318.75,2341.88,2310.63,2237.19,2284.38,2259.38,2264.06,2178.75,2214.06,2187.81,2139.06,2192.5,2085.0,2059.38,2052.81,2015.31,2080.94,2063.44,2042.81,2015.0,2001.56,1927.19,1929.69,1915.94,1840.0,1885.0,1846.25,1852.81,1868.44,1837.81,1872.5,1864.38,1819.38,1772.81,1832.81,1736.25,1781.25,1758.75,1698.44,1746.56,1728.75,1.2,0.0,0.0
1641.88,1641.56,1608.44,1628.75,1638.75,1656.25,1643.75,1604.69,1669.38,1655.63,1631.88,1663.13,1630.94,1627.19,1645.31,1657.5,1616.25,1659.69,1656.25,1608.75,1637.81,1620.94,1620.31,1652.19,1672.19,1660.31,1667.19,1637.19,1712.5,1699.06,1705.31,1688.44,1659.38,1691.56,1655.0,1683.13,1745.31,1779.69,1727.5,1742.81,1730.0,1732.19,1752.19,1782.5,1779.06,1768.13,1795.94,1810.0,1816.56,1780.0,1831.25,1820.0,1825.63,1916.25,1871.56,1884.38,1911.56,1913.44,1970.0,1958.75,1970.0,1995.0,2041.25,2039.38,2041.25,2068.13,2110.31,2095.31,2127.81,2193.44,2201.25,2233.75,2204.38,2205.63,2270.94,2286.88,2318.44,2325.31,2347.5,2352.5,2340.0,2402.5,2378.13,2342.19,2367.19,2383.44,2369.69,2344.06,2352.5,2313.44,2297.81,2291.56,2333.13,2275.94,2266.88,2272.19,2215.94,2219.69,2212.5,2121.25,2231.88,2127.5,2126.56,2100.31,2099.06,2069.69,2003.13,2044.69,2041.88,1991.25,1928.13,1906.56,1937.5,1896.56,1929.38,1901.56,1895.0,1867.19,1846.88,1798.75,1804.06,1848.13,1843.75,1815.0,1730.94,1757.5,1775.94,1763.75,1755.31,1706.88,1738.75,1.2,0.0,0.0
1547.81,1592.19,1620.63,1614.06,1614.69,1573.13,1602.19,1613.75,1587.81,1569.38,1611.88,1569.38,1620.63,1580.0,1601.88,1631.88,1591.56,1635.94,1613.44,1632.5,1612.5,1648.75,1640.94,1631.88,1628.75,1620.63,1659.38,1644.69,1636.88,1630.63,1583.44,1612.5,1654.06,1642.81,1635.31,1675.63,1654.06,1654.69,1655.63,1673.75,1691.88,1700.31,1725.63,1720.0,1709.38,1739.06,1694.38,1719.38,1787.19,1741.56,1761.56,1815.94,1819.38,1808.13,1816.25,1911.56,1880.31,1883.13,1900.94,1902.5,1927.5,1996.56,1962.19,1983.44,1965.94,2015.63,2011.56,2031.88,1990.31,2083.13,2127.81,2105.0,2189.38,2087.5,2199.38,2186.25,2175.94,2208.75,2130.94,2212.81,2229.06,2264.06,2230.0,2275.31,2224.06,2212.19,2243.75,2216.56,2202.81,2254.69,2215.63,2255.31,2233.75,2204.69,2163.44,2154.69,2134.06,2138.13,2096.88,2077.19,2073.75,2052.19,2044.38,1982.19,2013.75,1982.19,1914.38,1928.44,1884.69,1897.81,1894.69,1863.44,1888.75,1813.13,1876.25,1778.75,1829.06,1774.38,1809.69,1791.25,1772.5,1725.0,1670.94,1742.81,1736.25,1741.88,1730.0,1716.56,1732.5,1676.56,1700.63,4.2,0.0,0.0
1540.63,1600.63,1581.25,1645.94,1644.06,1611.56,1609.06,1622.5,1589.06,1585.0,1582.5,1629.06,1629.06,1638.13,1592.19,1585.0,1612.81,1622.81,1615.31,1633.75,1585.31,1632.81,1618.44,1634.69,1666.25,1588.13,1614.06,1674.06,1629.38,1602.19,1671.56,1646.25,1665.94,1657.81,1675.0,1662.5,1645.94,1672.19,1640.94,1634.38,1686.56,1724.69,1698.75,1718.75,1755.0,1751.25,1743.44,1730.31,1747.5,1773.13,1794.06,1785.31,1780.63,1823.44,1796.88,1861.88,1864.69,1876.25,1892.5,1870.63,1940.0,1952.81,1913.75,1977.5,1995.63,2003.44,1991.25,2067.81,2051.25,2052.81,2059.69,2118.44,2081.88,2175.63,2135.94,2190.31,2219.06,2228.75,2215.94,2219.38,2257.5,2254.69,2263.13,2239.38,2232.19,2227.19,2263.44,2256.56,2265.63,2267.81,2255.63,2268.13,2200.31,2203.13,2189.06,2147.19,2094.38,2110.63,2147.81,2142.5,2035.31,2082.19,1991.56,2026.25,2018.44,1994.38,2001.56,1962.19,1956.56,1945.94,1887.19,1873.13,1947.5,1862.19,1854.38,1868.44,1826.25,1898.75,1791.25,1792.81,1759.06,1766.25,1758.44,1752.81,1728.13,1760.94,1745.31,1703.13,1697.19,1757.81,1679.06,4.2,0.0,0.0
1589.38,1570.0,1621.56,1639.06,1599.06,1653.44,1611.25,1567.81,1600.0,1628.75,1597.19,1620.31,1648.44,1627.81,1634.06,1613.75,1623.44,1631.88,1645.31,1588.75,1615.31,1629.06,1593.13,1605.94,1618.13,1676.56,1657.81,1630.0,1668.44,1623.13,1628.13,1664.38,1688.44,1635.94,1658.44,1684.06,1681.56,1688.13,1680.0,1685.31,1641.88,1690.0,1742.81,1705.63,1734.38,1762.81,1768.44,1780.94,1797.5,1772.19,1770.63,1836.88,1826.88,1867.5,1817.5,1823.75,1871.56,1922.19,1847.81,1968.75,1953.13,1999.69,1955.31,1990.63,1972.5,2013.75,2046.56,2082.81,2090.0,2029.69,2110.63,2124.38,2160.31,2111.56,2194.69,2152.81,2250.0,2176.56,2237.81,2247.19,2254.69,2230.31,2279.38,2275.94,2291.25,2234.06,2278.44,2255.94,2207.19,2300.63,2275.31,2207.5,2201.25,2198.75,2221.88,2238.75,2187.19,2173.13,2152.81,2112.81,2115.94,2080.94,2089.06,2081.56,2042.19,1988.13,2004.06,2010.63,1989.69,1942.5,1939.69,1922.81,1876.88,1844.38,1861.25,1912.19,1814.38,1825.31,1772.81,1840.0,1813.44,1787.5,1763.44,1784.38,1750.0,1743.13,1738.75,1721.88,1691.25,1706.88,1714.06,4.2,0.0,0.0
1563.75,1579.69,1628.44,1555.0,1599.38,1576.56,1571.56,1616.56,1589.38,1593.44,1654.69,1611.56,1615.94,1599.38,1567.5,1614.69,1629.38,1608.75,1606.56,1617.81,1601.25,1575.0,1626.25,1601.88,1634.38,1580.31,1648.75,1609.06,1605.94,1644.69,1624.06,1648.13,1642.81,1657.19,1660.63,1647.81,1648.44,1692.81,1720.94,1640.0,1690.63,1670.94,1676.56,1668.13,1737.5,1704.69,1765.63,1736.88,1750.0,1710.94,1759.69,1770.31,1797.5,1895.94,1869.38,1800.94,1821.88,1870.0,1882.19,1953.44,1889.38,1951.25,1977.19,1968.13,2007.5,2020.31,2031.56,2017.81,2034.38,2091.25,2081.56,2112.19,2149.38,2135.63,2237.5,2199.38,2233.13,2222.5,2215.31,2260.31,2252.19,2264.69,2258.44,2267.81,2273.75,2265.31,2324.38,2249.69,2295.0,2243.75,2273.13,2230.0,2210.31,2171.88,2204.69,2159.69,2150.31,2147.81,2110.94,2116.88,2126.25,2051.25,2057.19,2004.69,2045.31,1986.25,1964.38,1957.81,1960.94,1912.19,1858.13,1889.38,1866.25,1867.81,1818.75,1799.69,1805.31,1793.44,1833.13,1757.81,1775.94,1765.94,1725.0,1733.75,1723.44,1696.25,1723.44,1727.81,1698.44,1697.19,1678.44,3.9,0.0,0.0
1563.75,1579.69,1628.44,1555.0,1599.38,1576.56,1571.56,1616.56,1589.38,1593.44,1654.69,1611.56,1615.94,1599.38,1567.5,1614.69,1629.38,1608.75,1606.56,1617.81,1601.25,1575.0,1626.25,1601.88,1634.38,1580.31,1648.75,1609.06,1605.94,1644.69,1624.06,1648.13,1642.81,1657.19,1660.63,1647.81,1648.44,1692.81,1720.94,1640.0,1690.63,1670.94,1676.56,1668.13,1737.5,1704.69,1765.63,1736.88,1750.0,1710.94,1759.69,1770.31,1797.5,1895.94,1869.38,1800.94,1821.88,1870.0,1882.19,1953.44,1889.38,1951.25,1977.19,1968.13,2007.5,2020.31,2031.56,2017.81,2034.38,2091.25,2081.56,2112.19,2149.38,2135.63,2237.5,2199.38,2233.13,2222.5,2215.31,2260.31,2252.19,2264.69,2258.44,2267.81,2273.75,2265.31,2324.38,2249.69,2295.0,2243.75,2273.13,2230.0,2210.31,2171.88,2204.69,2159.69,2150.31,2147.81,2110.94,2116.88,2126.25,2051.25,2057.19,2004.69,2045.31,1986.25,1964.38,1957.81,1960.94,1912.19,1858.13,1889.38,1866.25,1867.81,1818.75,1799.69,1805.31,1793.44,1833.13,1757.81,1775.94,1765.94,1725.0,1733.75,1723.44,1696.25,1723.44,1727.81,1698.44,1697.19,1678.44,3.9,0.0,0.0
1549.69,1606.88,1647.19,1595.31,1605.63,1601.56,1568.13,1566.88,1638.44,1562.19,1593.75,1570.63,1554.69,1553.75,1580.94,1605.94,1589.38,1587.19,1606.25,1586.56,1575.63,1635.0,1525.63,1637.81,1639.69,1622.81,1623.13,1620.31,1620.31,1600.63,1606.56,1649.06,1672.81,1646.25,1625.94,1629.38,1703.44,1666.56,1619.69,1656.25,1695.0,1700.31,1694.38,1739.69,1703.13,1688.44,1741.88,1728.44,1741.25,1741.56,1770.31,1765.63,1803.13,1780.0,1800.63,1832.81,1888.13,1848.13,1902.5,1892.19,1927.19,1994.06,1966.25,2014.06,1940.63,1993.44,1963.75,2016.56,2080.31,2097.81,2066.56,2086.88,2132.19,2136.88,2166.88,2225.94,2228.13,2200.63,2261.88,2210.0,2259.06,2219.69,2215.31,2281.56,2269.38,2274.06,2315.31,2207.81,2187.81,2199.69,2212.81,2162.19,2248.44,2164.38,2158.13,2122.19,2187.81,2147.5,2109.69,2119.06,2079.06,1993.13,2016.88,2037.5,2015.31,1979.38,1935.63,1960.94,1924.06,1921.88,1887.81,1877.5,1834.38,1870.0,1834.69,1769.38,1782.81,1795.0,1781.25,1733.44,1785.31,1733.13,1757.19,1726.88,1665.63,1689.38,1694.38,1735.0,1684.38,1663.13,1680.94,3.9,0.0,0.0
1559.38,1572.81,1594.06,1558.13,1570.94,1557.81,1592.5,1587.81,1619.38,1544.06,1630.94,1594.69,1674.38,1631.56,1616.88,1625.63,1643.13,1622.5,1629.06,1591.25,1611.56,1614.06,1596.88,1633.13,1643.13,1650.0,1605.63,1671.88,1639.38,1628.75,1616.25,1651.25,1632.5,1614.06,1644.69,1648.75,1674.06,1718.44,1676.56,1707.19,1703.75,1714.38,1731.88,1684.06,1734.06,1691.88,1802.5,1803.75,1775.31,1779.69,1823.44,1811.25,1854.38,1853.13,1837.81,1833.75,1852.5,1872.19,1898.44,1991.25,1961.56,1958.13,2000.94,2018.13,2007.5,2014.06,2013.44,2073.75,2085.63,2146.25,2131.88,2173.75,2160.31,2204.06,2190.63,2216.56,2253.44,2274.38,2253.75,2252.81,2242.81,2298.44,2295.0,2263.13,2298.44,2307.81,2249.06,2308.75,2236.25,2268.13,2264.06,2208.44,2250.94,2222.5,2184.38,2203.13,2142.19,2123.13,2117.5,2122.5,2077.5,2070.94,2004.38,1982.19,2038.44,1955.94,1938.75,1993.13,1901.25,1885.63,1897.19,1845.0,1873.13,1868.75,1824.38,1845.63,1825.0,1798.13,1747.19,1745.0,1751.25,1740.94,1757.81,1729.38,1669.69,1700.94,1711.25,1679.38,1654.38,1690.0,1703.13,3.9,0.0,0.0
1598.13,1613.44,1604.38,1580.94,1580.0,1590.94,1622.5,1612.81,1593.13,1587.19,1625.63,1590.0,1600.0,1590.63,1607.5,1589.69,1569.06,1625.0,1630.0,1606.88,1560.0,1589.38,1591.88,1640.0,1638.44,1626.25,1651.56,1618.13,1631.88,1673.75,1683.13,1627.19,1648.75,1680.63,1718.44,1689.06,1685.63,1665.0,1674.69,1733.75,1737.19,1710.0,1714.38,1726.25,1695.94,1738.75,1776.25,1749.69,1770.31,1808.44,1800.63,1775.63,1794.69,1858.44,1839.69,1864.69,1888.13,1868.75,1910.63,1979.38,1953.13,1942.81,1968.44,1967.81,2010.63,2024.69,2006.25,2070.31,2074.69,2137.19,2098.44,2143.75,2136.56,2210.0,2215.63,2225.31,2215.31,2250.31,2269.38,2250.94,2330.94,2302.81,2308.44,2320.0,2305.94,2292.5,2330.0,2287.5,2306.25,2247.81,2252.19,2214.38,2250.63,2258.13,2242.5,2214.06,2220.63,2180.31,2100.0,2100.31,2129.69,2103.75,2055.63,2067.81,2032.5,1997.19,1976.88,1885.63,1939.06,1963.44,1887.81,1939.38,1844.06,1888.13,1833.13,1815.0,1825.31,1803.44,1822.19,1756.88,1772.19,1764.69,1736.88,1746.88,1755.63,1777.5,1765.63,1672.81,1729.38,1650.31,1716.25,3.9,0.0,0.0
1587.19,1642.19,1613.75,1643.75,1633.13,1635.63,1591.56,1619.38,1598.44,1613.75,1619.38,1630.63,1624.69,1574.06,1613.75,1596.88,1621.56,1615.31,1613.13,1600.94,1627.5,1630.63,1647.19,1668.44,1646.56,1669.06,1654.38,1615.94,1641.25,1656.56,1655.0,1675.94,1634.06,1677.19,1674.38,1661.25,1743.44,1697.5,1667.19,1692.5,1761.25,1737.19,1782.5,1765.63,1760.31,1784.69,1765.63,1777.81,1805.31,1769.69,1823.13,1816.56,1800.94,1887.5,1831.25,1851.56,1848.44,1857.81,1904.38,1940.63,1926.56,1951.25,2015.94,2021.25,2046.25,2013.13,2089.06,2103.44,2137.5,2107.19,2139.69,2135.31,2134.38,2177.81,2231.25,2223.44,2210.63,2224.06,2275.0,2247.81,2320.31,2296.25,2341.88,2320.31,2314.38,2288.75,2353.13,2305.63,2302.5,2280.0,2257.81,2266.88,2230.63,2265.94,2207.19,2241.88,2224.38,2151.88,2179.06,2118.75,2068.13,2149.38,2049.69,2008.75,2012.5,2036.25,2018.13,1966.88,1923.75,1970.94,1909.06,1940.0,1884.38,1868.13,1897.5,1896.25,1871.25,1823.13,1789.06,1838.13,1739.38,1781.25,1757.19,1794.38,1731.88,1700.94,1735.94,1697.81,1667.19,1702.5,1731.25,3.9,0.0,0.0
1555.63,1523.13,1530.63,1527.5,1557.19,1509.69,1530.31,1563.75,1577.19,1510.31,1547.5,1553.44,1586.88,1619.06,1575.0,1617.19,1567.19,1575.63,1586.88,1557.81,1578.44,1630.94,1571.88,1630.0,1650.0,1655.0,1669.06,1711.25,1696.88,1720.94,1717.19,1776.56,1792.5,1805.0,1776.56,1800.31,1820.31,1870.0,1825.31,1891.25,1910.94,1895.94,1962.81,1979.69,1988.44,2046.88,2038.44,2123.13,2108.75,2136.88,2162.81,2178.44,2277.19,2308.75,2295.94,2332.19,2409.06,2390.94,2424.38,2381.88,2415.94,2508.75,2494.38,2504.06,2576.88,2526.56,2569.38,2559.38,2596.25,2596.56,2581.88,2597.5,2642.81,2613.75,2527.5,2523.75,2543.75,2486.56,2443.13,2447.81,2447.5,2429.69,2387.5,2361.25,2315.31,2287.19,2251.25,2197.81,2163.44,2130.63,2107.5,2106.88,2105.0,2035.0,2020.94,1966.56,1959.06,1921.56,1921.88,1880.31,1829.69,1819.69,1815.63,1846.88,1794.38,1763.44,1714.38,1737.5,1665.63,1705.94,1635.31,1636.88,1696.56,1612.5,1576.88,1605.31,1610.0,1617.19,1566.56,1580.63,1531.56,1541.88,1530.0,1516.25,1548.44,1538.13,1489.69,1436.56,1492.81,1462.81,1490.0,0.0,11.7,0.0
1472.19,1478.75,1516.88,1483.13,1525.0,1523.75,1523.13,1538.13,1516.56,1499.06,1500.31,1512.81,1530.31,1540.0,1538.44,1512.81,1538.13,1553.44,1574.38,1581.25,1585.31,1586.88,1570.31,1620.94,1645.0,1637.5,1632.81,1702.19,1655.94,1638.13,1662.19,1683.75,1730.31,1705.31,1700.63,1728.13,1771.25,1769.69,1778.13,1781.25,1825.31,1821.25,1839.38,1863.75,1905.0,1946.88,1944.06,1937.81,2036.25,2041.88,2067.5,2088.44,2122.81,2132.5,2204.06,2226.56,2222.19,2299.38,2304.06,2319.69,2377.81,2345.31,2406.25,2442.5,2445.0,2504.69,2513.75,2492.81,2517.19,2555.63,2503.44,2610.31,2590.0,2568.13,2608.75,2545.94,2600.94,2526.88,2540.63,2537.81,2488.13,2487.5,2458.13,2403.44,2387.19,2355.94,2318.44,2297.81,2297.19,2206.88,2199.69,2165.31,2167.5,2038.75,2088.75,2023.13,2028.75,2034.38,1980.94,1913.13,1977.5,1900.0,1880.31,1827.81,1818.44,1772.5,1796.88,1759.69,1740.63,1707.19,1711.56,1679.38,1655.31,1646.56,1631.88,1651.25,1639.38,1618.13,1580.0,1602.19,1565.63,1583.44,1562.5,1521.25,1563.75,1491.56,1505.63,1484.69,1474.38,1442.5,1425.0,0.0,11.7,0.0
1513.75,1533.44,1510.31,1555.31,1528.44,1513.44,1552.19,1519.06,1549.69,1515.0,1536.88,1563.44,1521.88,1556.25,1576.88,1575.63,1567.5,1577.19,1613.13,1566.56,1588.13,1593.13,1598.75,1616.56,1602.19,1661.56,1634.69,1650.63,1650.63,1628.13,1655.31,1695.63,1682.5,1716.88,1722.81,1719.69,1710.94,1786.56,1727.81,1802.81,1833.44,1890.0,1901.56,1895.31,1913.75,1878.13,1955.94,2027.19,1987.19,2007.5,2088.75,2070.94,2095.63,2126.56,2145.0,2206.88,2218.44,2285.0,2236.88,2262.5,2360.0,2398.13,2443.44,2386.25,2464.38,2454.38,2497.81,2545.63,2540.0,2535.31,2589.38,2602.81,2613.75,2611.88,2602.81,2559.38,2597.5,2578.75,2551.88,2594.06,2549.38,2507.81,2497.5,2467.19,2377.5,2394.69,2401.25,2334.06,2326.56,2270.94,2244.69,2190.31,2198.13,2154.38,2114.06,2105.0,2034.38,2018.13,2011.56,1982.5,1939.06,1927.81,1938.75,1886.25,1845.0,1811.88,1803.44,1766.88,1767.81,1749.38,1731.88,1713.75,1691.25,1709.38,1663.75,1671.25,1644.38,1643.75,1576.25,1626.88,1614.38,1583.13,1580.31,1567.81,1580.63,1523.13,1522.19,1527.19,1505.94,1549.69,1500.94,0.0,11.7,0.0
1569.38,1565.63,1588.44,1616.88,1561.88,1622.81,1588.75,1575.63,1619.69,1591.88,1627.19,1580.63,1655.94,1654.06,1614.38,1680.63,1639.38,1689.38,1702.19,1672.19,1675.31,1694.69,1715.0,1697.5,1680.94,1745.0,1706.25,1726.56,1752.19,1787.19,1755.31,1820.63,1812.19,1841.56,1886.56,1885.94,1868.75,1951.25,1916.88,2009.69,2000.0,2002.19,2008.75,2099.38,2084.06,2088.13,2105.94,2149.38,2141.88,2178.44,2238.75,2318.13,2318.13,2397.19,2383.75,2399.06,2409.06,2443.75,2484.69,2533.13,2594.38,2607.81,2606.25,2648.75,2673.44,2660.31,2711.88,2727.81,2653.13,2753.75,2712.19,2747.5,2713.44,2734.06,2682.81,2646.88,2691.25,2645.0,2648.75,2614.06,2621.25,2505.0,2527.19,2465.0,2456.56,2397.19,2462.5,2354.38,2350.94,2254.69,2247.5,2218.75,2155.0,2079.69,2136.56,2062.81,2064.38,2087.5,2023.13,1979.69,1964.06,1965.63,1938.44,1882.19,1887.19,1877.19,1882.19,1833.44,1742.5,1755.94,1766.25,1744.69,1691.56,1718.75,1693.75,1672.5,1718.44,1612.19,1586.56,1617.19,1627.5,1616.25,1586.25,1594.38,1605.0,1594.06,1565.63,1545.31,1555.94,1532.81,1495.63,0.0,11.7,0.0
1595.0,1601.88,1617.5,1596.25,1586.25,1567.5,1614.69,1634.69,1611.88,1596.88,1640.63,1680.0,1676.25,1647.81,1656.88,1647.81,1667.19,1652.19,1653.75,1637.5,1666.25,1705.0,1711.25,1730.63,1711.25,1756.88,1729.69,1740.0,1735.63,1750.94,1725.63,1802.5,1800.63,1827.19,1815.31,1866.88,1827.81,1920.94,1928.75,1950.94,1999.06,1959.38,1999.69,2050.0,2055.0,2108.44,2068.44,2081.25,2182.81,2172.19,2220.0,2278.75,2266.88,2337.81,2366.88,2392.19,2372.19,2478.75,2455.31,2545.63,2520.31,2577.81,2647.19,2644.38,2632.5,2649.06,2751.88,2680.94,2689.38,2728.13,2765.63,2764.06,2808.75,2749.06,2724.38,2700.31,2689.06,2708.75,2751.88,2678.75,2682.19,2650.31,2551.25,2607.81,2550.94,2567.5,2491.25,2476.25,2446.56,2392.5,2380.31,2338.44,2237.81,2235.0,2194.69,2235.94,2112.19,2129.38,2087.19,2073.75,2022.81,1975.63,2026.56,1971.88,1939.06,1895.94,1931.56,1842.5,1830.0,1775.0,1803.13,1767.19,1770.94,1796.88,1717.81,1737.19,1755.94,1715.63,1708.13,1711.56,1638.75,1658.75,1620.94,1633.44,1662.19,1634.69,1629.69,1596.88,1609.06,1608.13,1575.31,0.0,11.7,0.0
1603.13,1574.38,1624.69,1635.94,1660.94,1601.25,1621.25,1641.88,1594.38,1621.56,1635.31,1618.44,1658.13,1649.38,1624.69,1697.81,1692.19,1650.31,1645.31,1660.0,1706.56,1685.94,1701.25,1731.56,1750.31,1715.94,1743.75,1738.75,1766.56,1779.69,1836.25,1865.94,1773.75,1815.0,1875.94,1880.94,1894.06,1859.06,1879.69,1927.19,1949.06,1952.81,2008.13,1952.5,2050.63,2096.25,2094.06,2194.69,2136.25,2166.56,2221.56,2251.25,2252.5,2350.31,2340.94,2401.25,2400.63,2447.81,2493.13,2520.31,2577.19,2509.69,2600.31,2563.13,2678.13,2689.06,2739.06,2733.44,2721.56,2780.0,2740.0,2789.06,2821.56,2733.44,2789.69,2765.94,2756.56,2713.75,2717.19,2687.5,2673.75,2667.19,2640.94,2615.94,2552.81,2551.56,2506.88,2499.38,2475.31,2463.13,2371.25,2375.0,2315.0,2276.25,2238.44,2235.94,2145.0,2240.63,2140.0,2028.75,2072.5,2046.25,2010.31,2020.94,1983.75,1935.63,1910.0,1870.0,1860.31,1872.5,1873.44,1799.69,1768.44,1796.56,1720.94,1813.75,1761.56,1711.56,1692.5,1660.94,1678.44,1656.56,1693.44,1634.06,1698.75,1676.25,1583.75,1593.75,1601.88,1573.75,1585.94,0.0,11.7,0.0
1535.0,1558.75,1532.19,1520.0,1524.06,1480.94,1596.56,1572.81,1527.81,1551.56,1564.06,1571.25,1615.0,1604.38,1604.69,1568.75,1564.69,1627.5,1623.44,1607.19,1596.25,1658.44,1623.75,1648.75,1708.75,1717.5,1675.63,1680.94,1725.63,1715.31,1800.31,1751.25,1806.88,1782.5,1826.88,1807.5,1842.5,1855.0,1923.13,1861.25,1925.31,1973.44,1951.25,2021.88,1996.25,2114.38,2061.25,2079.38,2093.75,2206.88,2148.75,2255.63,2314.38,2307.81,2329.38,2310.31,2383.44,2469.38,2471.56,2482.19,2505.31,2470.31,2545.31,2614.06,2569.06,2695.31,2656.88,2661.88,2668.13,2737.19,2715.0,2677.19,2704.38,2649.69,2671.25,2646.56,2630.94,2597.5,2611.88,2561.25,2473.44,2482.81,2497.5,2463.13,2413.75,2370.63,2315.63,2345.94,2323.44,2300.63,2227.81,2210.63,2139.38,2181.88,2098.44,2106.56,1999.38,2019.06,1970.31,1932.81,1963.75,1882.19,1900.63,1883.13,1855.0,1795.31,1775.31,1761.25,1747.19,1735.94,1753.44,1669.38,1710.31,1668.44,1642.5,1661.88,1609.69,1616.56,1610.0,1620.0,1545.31,1597.19,1560.0,1540.94,1556.88,1531.88,1575.94,1505.63,1507.5,1520.63,1537.19,0.0,10.0,0.0
1543.13,1568.75,1578.75,1574.38,1555.0,1546.56,1559.38,1597.81,1584.06,1603.75,1610.94,1591.56,1606.88,1570.31,1618.75,1646.88,1647.5,1679.69,1654.69,1629.06,1673.44,1645.63,1680.63,1683.75,1721.88,1700.94,1737.19,1734.69,1755.0,1714.06,1764.38,1761.88,1778.44,1813.75,1789.06,1826.88,1809.06,1888.13,1876.88,1917.81,1903.75,1888.13,1950.0,1930.31,2023.44,2050.63,2085.31,2086.56,2126.25,2106.25,2191.25,2217.81,2197.19,2269.06,2315.63,2322.81,2339.69,2404.69,2398.44,2457.19,2511.88,2540.31,2518.75,2589.38,2610.0,2629.38,2730.63,2702.81,2696.25,2675.63,2665.94,2688.44,2697.19,2738.44,2688.75,2725.63,2703.75,2695.63,2634.38,2631.88,2662.5,2621.25,2572.19,2592.81,2540.0,2518.44,2482.19,2392.81,2406.88,2409.69,2334.69,2304.38,2253.13,2179.69,2215.31,2190.0,2143.44,2075.31,2129.69,2095.63,2050.0,1985.94,1974.69,1917.19,1910.94,1902.81,1855.31,1861.56,1818.44,1745.94,1748.44,1801.25,1734.06,1727.81,1753.44,1717.19,1709.69,1654.06,1629.38,1638.13,1607.81,1581.88,1631.25,1625.31,1584.38,1558.44,1550.94,1553.44,1619.69,1536.88,1553.13,0.0,10.0,0.0
1583.44,1597.19,1616.25,1617.81,1619.06,1606.25,1577.19,1616.56,1636.25,1554.38,1621.56,1610.0,1639.38,1637.5,1711.25,1626.88,1636.56,1673.44,1651.88,1704.38,1678.75,1638.44,1697.5,1691.88,1733.13,1771.88,1765.94,1731.88,1688.13,1771.88,1708.13,1779.38,1749.69,1792.19,1805.31,1797.5,1841.56,1840.63,1922.5,1898.75,1948.75,1977.81,1973.75,2028.75,2041.25,2020.94,2075.63,2118.75,2075.31,2154.38,2167.5,2190.31,2241.88,2247.5,2341.56,2351.56,2354.38,2448.75,2412.81,2485.63,2520.0,2559.06,2580.63,2564.38,2610.63,2634.69,2747.81,2700.94,2761.25,2697.81,2785.94,2766.56,2811.56,2682.81,2724.06,2770.94,2775.31,2741.56,2756.25,2753.75,2763.75,2743.13,2719.69,2581.88,2586.88,2564.69,2597.81,2567.19,2538.44,2406.88,2463.44,2405.0,2376.88,2267.81,2300.0,2207.81,2183.75,2156.88,2178.44,2156.25,2090.0,2057.81,2030.0,2005.63,2006.88,1996.56,1912.19,1937.81,1888.13,1866.25,1832.5,1803.75,1826.88,1810.94,1762.81,1754.06,1745.0,1711.25,1679.06,1687.81,1709.38,1700.94,1637.81,1682.5,1673.44,1625.0,1621.56,1600.31,1622.81,1594.06,1619.06,0.0,10.0,0.0
1586.88,1601.25,1579.69,1625.31,1567.81,1586.25,1599.38,1619.69,1640.63,1611.56,1620.31,1632.5,1619.38,1627.19,1623.13,1597.5,1620.94,1671.25,1655.94,1630.94,1708.13,1703.44,1684.06,1712.19,1745.0,1683.44,1721.25,1779.69,1764.69,1758.75,1769.69,1792.81,1821.56,1823.44,1914.38,1859.69,1899.69,1853.44,1920.31,1900.63,1964.69,2029.38,2045.31,2041.56,2089.06,2103.44,2138.75,2134.69,2181.25,2214.69,2244.69,2282.19,2329.06,2316.88,2399.06,2424.06,2426.88,2481.88,2517.81,2555.0,2556.88,2567.5,2639.69,2684.69,2636.56,2725.0,2709.69,2744.69,2720.31,2730.0,2747.19,2754.69,2743.44,2722.5,2764.38,2747.19,2681.88,2683.13,2688.13,2604.38,2610.0,2584.06,2573.13,2480.63,2548.13,2521.88,2473.13,2425.0,2333.75,2318.75,2299.38,2269.06,2178.13,2148.75,2185.0,2097.5,2061.56,2067.19,1994.38,2050.94,1999.69,1923.13,1922.81,1877.5,1878.44,1898.13,1843.13,1832.5,1803.13,1751.56,1744.69,1735.0,1697.5,1696.25,1707.5,1700.94,1681.88,1664.06,1655.63,1602.19,1621.56,1606.25,1594.06,1610.0,1592.19,1584.69,1593.44,1543.75,1564.38,1526.88,1542.5,0.0,10.0,0.0
1553.75,1608.44,1586.88,1585.31,1585.94,1594.69,1603.75,1595.0,1608.13,1648.44,1578.44,1644.06,1626.25,1634.06,1634.06,1604.06,1641.88,1655.0,1661.25,1643.75,1724.38,1664.06,1692.5,1657.81,1665.63,1699.69,1689.06,1723.44,1753.44,1733.44,1798.13,1711.25,1763.44,1809.69,1834.06,1816.25,1823.75,1858.13,1854.06,1934.38,1911.25,1964.38,1978.44,1986.88,1955.0,2007.5,2077.81,2138.13,2118.13,2165.31,2213.13,2262.5,2234.69,2319.69,2315.0,2373.13,2412.19,2402.19,2429.38,2481.88,2560.63,2584.06,2569.38,2571.88,2586.25,2682.5,2667.19,2674.69,2730.63,2779.38,2695.94,2749.06,2730.94,2730.0,2728.13,2722.81,2777.19,2747.5,2714.38,2690.0,2710.0,2655.0,2667.5,2591.88,2539.06,2523.44,2528.44,2480.63,2413.44,2412.81,2352.81,2338.13,2360.31,2280.0,2224.06,2200.31,2184.69,2145.63,2097.81,2075.31,2091.88,2014.38,1984.38,1986.25,1960.0,1918.13,1889.69,1854.06,1845.63,1889.69,1805.94,1785.94,1805.31,1763.75,1758.75,1727.19,1707.81,1760.31,1685.0,1688.75,1685.63,1685.63,1606.25,1632.5,1635.31,1585.31,1579.06,1560.0,1552.5,1564.69,1579.06,0.0,10.0,0.0
1552.19,1562.5,1639.69,1591.56,1596.56,1554.69,1587.5,1583.75,1615.0,1583.13,1604.06,1621.25,1635.63,1605.0,1630.31,1617.5,1710.31,1655.63,1620.0,1636.25,1634.06,1685.63,1685.94,1725.94,1699.38,1697.5,1721.25,1740.31,1711.25,1751.56,1746.25,1779.06,1785.0,1786.25,1810.94,1777.19,1806.56,1867.81,1871.25,1903.75,1922.19,1945.0,1936.56,1997.19,1966.56,2061.88,2052.81,2097.19,2080.0,2134.06,2170.63,2159.06,2257.19,2287.81,2301.56,2275.63,2319.38,2413.13,2404.06,2490.63,2452.19,2499.06,2575.31,2560.31,2608.13,2624.69,2626.88,2690.94,2722.5,2669.69,2745.63,2693.13,2768.13,2750.63,2809.06,2752.5,2734.06,2750.0,2710.63,2656.88,2664.06,2700.0,2619.38,2570.0,2544.69,2551.25,2490.0,2461.56,2475.31,2415.63,2415.94,2315.94,2304.38,2260.31,2277.81,2244.06,2213.13,2123.75,2093.75,2127.81,2046.56,2029.38,2021.25,1982.5,1995.0,1949.69,1910.94,1876.56,1852.19,1870.31,1813.44,1848.75,1840.0,1789.69,1746.56,1712.5,1742.19,1727.19,1702.81,1675.94,1725.31,1708.13,1681.88,1625.94,1616.56,1647.81,1581.56,1593.44,1602.19,1568.13,1590.0,0.0,10.0,0.0
2239.06,2199.69,2193.44,2183.75,2165.0,2195.94,2172.5,2206.56,2191.25,2196.25,2210.63,2235.63,2210.0,2188.13,2244.69,2208.44,2241.88,2265.94,2259.38,2258.44,2219.69,2268.44,2238.13,2227.19,2212.19,2300.94,2274.69,2265.94,2285.63,2292.81,2294.38,2282.19,2348.75,2323.13,2347.19,2293.75,2349.69,2380.63,2310.94,2401.88,2413.13,2418.75,2357.19,2412.19,2502.81,2423.13,2464.38,2540.63,2484.38,2495.63,2475.94,2521.56,2548.13,2560.63,2543.13,2578.75,2640.63,2660.31,2721.88,2715.94,2751.88,2791.88,2825.94,2905.0,2933.75,3022.19,2961.88,3067.5,3104.06,3166.88,3260.0,3262.19,3315.0,3403.13,3479.06,3602.81,3601.56,3717.5,3857.19,3842.19,3965.31,3943.44,3997.81,4070.0,4162.5,4232.81,4242.5,4308.44,4264.38,4322.81,4361.88,4308.13,4395.63,4328.75,4271.25,4249.06,4128.44,4076.25,4077.81,3971.88,3925.63,3837.81,3719.69,3665.63,3644.06,3518.13,3480.0,3325.94,3320.63,3189.38,3181.88,3099.69,3013.13,2983.75,2854.38,2747.5,2707.81,2732.19,2667.81,2594.06,2625.94,2487.19,2442.5,2411.25,2465.31,2378.44,2365.94,2346.88,2238.75,2314.38,2234.06,0.0,7.0,0.0
1623.44,1601.56,1600.63,1620.63,1612.5,1633.44,1606.88,1663.75,1647.5,1614.38,1692.5,1609.38,1648.44,1657.81,1658.13,1633.44,1673.13,1683.13,1658.44,1705.31,1673.44,1702.19,1736.56,1706.56,1716.25,1704.38,1772.19,1771.56,1761.88,1783.13,1796.25,1793.75,1825.63,1837.5,1868.44,1927.81,1931.56,1928.13,1964.06,1968.13,1942.81,2021.25,2005.94,2030.31,2049.06,2065.0,2162.81,2117.19,2145.63,2196.88,2237.19,2315.63,2253.13,2405.94,2332.19,2384.38,2418.75,2419.06,2517.81,2519.69,2531.88,2578.13,2655.63,2671.88,2715.0,2712.81,2755.31,2820.0,2747.5,2809.38,2861.25,2814.06,2821.56,2793.44,2816.56,2855.94,2841.56,2860.31,2787.19,2802.19,2760.63,2724.69,2737.19,2665.31,2607.5,2633.75,2595.0,2519.06,2524.69,2446.56,2462.81,2453.44,2380.63,2310.31,2265.63,2280.0,2255.0,2175.31,2123.44,2126.56,2150.0,2081.25,2035.94,1988.75,1996.56,1931.56,1921.56,1897.19,1927.19,1873.44,1836.88,1835.63,1819.06,1813.13,1747.81,1780.0,1775.0,1696.56,1689.38,1701.56,1696.25,1661.88,1676.56,1627.81,1619.38,1640.94,1659.06,1621.25,1571.56,1581.56,1551.56,0.0,7.0,0.0
1638.75,1564.69,1623.13,1590.0,1620.94,1620.0,1611.25,1631.88,1647.5,1665.31,1635.63,1651.56,1640.0,1663.13,1686.56,1691.56,1671.56,1656.56,1687.5,1708.13,1721.56,1723.13,1710.94,1737.5,1746.25,1706.88,1702.19,1769.69,1768.13,1791.56,1802.5,1823.44,1853.13,1839.69,1861.56,1868.75,1856.88,1877.5,1932.19,1971.56,1949.06,2003.75,1967.19,1970.63,2000.31,2067.5,2054.69,2116.25,2138.44,2151.56,2214.38,2224.69,2270.31,2326.56,2357.19,2345.94,2399.06,2469.06,2463.44,2559.06,2572.5,2584.69,2648.44,2583.75,2674.06,2793.44,2758.44,2770.31,2765.0,2783.13,2807.19,2772.19,2785.63,2773.75,2926.25,2822.81,2844.38,2816.56,2818.13,2812.81,2791.88,2751.56,2723.75,2669.69,2660.94,2561.25,2556.25,2600.0,2560.63,2500.63,2436.25,2410.31,2412.5,2375.31,2274.69,2245.0,2221.25,2239.69,2175.94,2149.06,2156.88,2085.0,2075.0,2089.69,2011.88,2043.44,1978.44,1950.31,1893.13,1897.81,1880.31,1803.75,1841.25,1811.25,1859.69,1785.94,1770.31,1753.75,1782.5,1749.06,1719.69,1691.56,1654.06,1680.0,1676.88,1631.25,1620.31,1642.81,1597.81,1629.06,1616.56,0.0,7.0,0.0
1610.0,1609.38,1650.31,1634.69,1647.19,1623.75,1667.19,1685.31,1653.75,1697.19,1652.19,1689.06,1649.38,1660.63,1630.94,1686.88,1686.88,1695.31,1692.19,1715.31,1768.75,1709.06,1695.0,1724.38,1786.88,1716.25,1720.94,1761.25,1804.38,1760.94,1784.06,1819.38,1828.75,1838.44,1862.19,1842.19,1899.69,1942.5,1937.19,1946.25,1950.63,2021.88,2014.38,2027.5,2079.69,2088.13,2167.5,2141.25,2167.81,2213.44,2235.63,2290.63,2356.88,2399.38,2398.75,2443.13,2412.5,2510.0,2509.06,2524.06,2576.56,2625.0,2655.31,2686.88,2743.13,2749.38,2769.69,2736.25,2796.25,2775.63,2834.69,2835.94,2831.88,2850.31,2831.88,2799.38,2855.31,2748.75,2843.44,2797.81,2798.75,2800.31,2766.56,2691.25,2669.69,2620.94,2596.25,2551.88,2561.56,2456.88,2402.5,2427.5,2316.25,2331.88,2329.06,2271.25,2251.88,2178.44,2109.06,2092.81,2106.88,2146.25,2049.06,2044.69,2002.81,1987.5,1985.94,1875.31,1883.44,1905.31,1900.31,1818.13,1835.63,1818.75,1781.56,1747.19,1754.06,1710.31,1805.31,1676.25,1755.94,1709.06,1688.75,1658.44,1664.38,1622.19,1629.38,1659.06,1611.88,1615.63,1612.5,0.0,7.0,0.0
1600.94,1600.31,1655.94,1643.44,1615.94,1593.13,1644.06,1659.69,1667.19,1655.31,1662.81,1669.06,1651.88,1664.38,1694.69,1674.38,1718.44,1718.44,1723.75,1740.63,1725.63,1752.81,1830.31,1750.63,1765.94,1764.06,1774.06,1798.75,1827.5,1822.19,1803.75,1866.56,1874.06,1891.25,1935.63,1907.19,1984.69,1906.25,1970.31,2042.81,2002.5,2025.94,2045.63,2077.5,2159.69,2155.94,2130.31,2221.25,2254.06,2269.06,2320.94,2383.13,2327.5,2392.81,2443.75,2487.5,2496.25,2562.81,2571.88,2655.94,2648.75,2753.44,2712.5,2762.19,2757.5,2777.81,2765.63,2822.19,2812.19,2839.69,2830.94,2836.56,2858.75,2882.81,2848.44,2825.0,2807.19,2788.13,2814.38,2700.31,2695.31,2699.69,2663.13,2640.63,2585.94,2540.0,2506.88,2483.44,2430.0,2375.94,2415.31,2385.31,2300.94,2282.81,2270.94,2274.69,2168.44,2158.44,2097.5,2036.56,2045.31,2052.81,1985.94,1957.19,1974.38,1985.0,1910.31,1890.94,1883.44,1881.56,1886.25,1774.69,1828.44,1760.0,1791.25,1778.13,1760.63,1731.25,1690.0,1692.19,1674.69,1705.94,1701.56,1668.75,1672.81,1664.38,1588.75,1644.06,1602.19,1566.25,1569.06,0.0,7.0,0.0
1610.63,1612.81,1651.56,1644.69,1591.56,1614.06,1651.25,1646.56,1633.44,1671.56,1650.94,1645.0,1637.5,1645.94,1679.69,1657.5,1666.88,1659.38,1677.81,1647.81,1694.69,1698.44,1753.75,1695.63,1750.0,1738.13,1699.69,1748.44,1735.63,1780.94,1764.06,1774.06,1806.88,1815.94,1882.19,1890.31,1912.5,1898.13,1920.63,1955.94,1917.81,1968.13,2028.75,2004.06,2032.81,2091.56,2056.25,2096.25,2151.56,2194.69,2137.19,2232.81,2289.06,2299.69,2265.63,2315.94,2382.19,2380.63,2466.88,2451.88,2522.81,2602.5,2634.38,2601.88,2650.0,2693.75,2717.5,2728.44,2803.13,2860.63,2797.81,2821.88,2805.31,2791.56,2787.19,2794.69,2833.44,2806.56,2756.56,2794.69,2785.63,2745.0,2676.56,2645.63,2669.38,2620.31,2538.44,2487.19,2462.19,2512.5,2460.0,2374.06,2403.44,2445.31,2339.06,2309.06,2261.56,2246.88,2210.63,2155.63,2132.19,2089.38,2070.63,2055.0,1993.44,1982.81,1960.94,1910.31,1941.25,1909.38,1885.94,1840.63,1885.94,1848.75,1796.56,1775.94,1734.38,1780.31,1718.13,1745.94,1721.25,1706.25,1732.5,1715.31,1647.5,1649.38,1607.19,1650.94,1651.25,1636.56,1626.56,0.0,7.0,0.0
1221.25,1222.19,1192.19,1193.75,1168.13,1173.13,1175.94,1236.25,1186.56,1199.69,1210.63,1228.75,1204.38,1227.19,1281.88,1265.94,1237.5,1213.44,1249.38,1280.94,1236.56,1250.0,1266.56,1308.13,1279.69,1278.75,1312.19,1322.5,1345.63,1342.5,1351.88,1357.19,1347.19,1349.38,1367.5,1411.56,1409.38,1484.06,1465.31,1430.94,1475.31,1485.31,1520.0,1527.81,1580.63,1590.63,1584.38,1619.06,1652.5,1658.44,1714.38,1724.38,1713.75,1769.38,1844.06,1881.56,1860.31,1908.13,1927.5,1951.56,2031.56,2036.88,2067.81,2090.0,2121.25,2123.75,2181.56,2230.63,2215.94,2248.44,2184.06,2249.38,2303.13,2238.13,2236.88,2229.06,2215.63,2233.13,2249.69,2252.19,2223.13,2175.63,2165.94,2107.81,2129.06,2094.06,2038.44,2031.88,1966.88,1931.88,1865.0,1912.19,1921.88,1809.38,1795.31,1771.88,1752.19,1712.19,1742.19,1703.44,1623.75,1616.56,1602.19,1584.69,1529.38,1510.0,1506.56,1480.63,1426.56,1399.06,1424.38,1384.69,1354.38,1335.94,1355.31,1363.13,1337.19,1319.38,1290.31,1281.88,1251.88,1276.56,1256.88,1261.25,1225.0,1220.31,1195.31,1221.25,1192.81,1167.81,1187.5,0.0,0.0,2.1
1166.56,1185.94,1213.44,1185.0,1214.38,1216.56,1216.25,1230.94,1238.13,1215.63,1197.19,1244.38,1215.94,1237.5,1230.94,1264.38,1219.38,1250.31,1273.75,1271.88,1262.19,1278.75,1215.0,1250.0,1291.25,1306.88,1273.13,1294.38,1286.25,1345.63,1320.0,1395.63,1404.06,1360.0,1372.19,1375.63,1446.25,1419.06,1457.19,1446.25,1487.81,1481.25,1525.94,1506.25,1541.25,1568.44,1577.5,1612.81,1619.38,1690.0,1697.5,1733.44,1752.81,1753.75,1799.38,1844.06,1871.25,1842.19,1915.0,1978.44,1947.81,2010.94,2065.63,2052.19,2105.63,2054.38,2152.5,2122.19,2135.63,2205.0,2204.06,2241.56,2245.63,2260.63,2286.88,2266.56,2244.38,2244.06,2249.38,2252.5,2237.5,2234.06,2174.69,2163.13,2163.75,2144.69,2137.19,2100.0,2010.94,2046.88,2055.0,1957.81,1917.81,1896.25,1884.06,1794.69,1820.63,1800.94,1730.94,1753.75,1656.88,1669.06,1610.31,1635.63,1558.44,1561.56,1489.38,1496.56,1503.44,1467.5,1437.19,1426.88,1428.13,1368.75,1377.19,1356.88,1333.75,1347.81,1320.94,1310.63,1330.94,1283.13,1275.94,1244.38,1240.0,1251.88,1255.94,1230.0,1213.75,1250.31,1225.0,0.0,0.0,2.1
1235.0,1271.25,1250.0,1254.38,1230.94,1276.56,1228.13,1207.19,1240.0,1244.06,1238.13,1249.06,1251.56,1290.63,1254.06,1272.81,1261.88,1287.19,1288.13,1314.06,1293.75,1318.44,1338.44,1342.19,1348.75,1334.69,1339.38,1347.5,1365.94,1323.13,1365.94,1372.81,1417.19,1375.0,1442.81,1427.5,1465.31,1433.75,1498.44,1483.75,1500.94,1494.69,1504.69,1544.06,1547.5,1601.88,1623.13,1629.38,1597.5,1644.38,1706.25,1736.56,1736.25,1838.13,1797.81,1846.88,1870.0,1870.0,1996.25,2016.88,1992.81,2063.13,2127.19,2088.44,2116.56,2170.31,2207.19,2202.81,2220.94,2290.0,2238.44,2316.25,2335.94,2286.56,2297.81,2379.69,2367.19,2383.44,2360.31,2362.5,2374.38,2361.56,2275.94,2231.56,2268.75,2220.31,2153.75,2171.25,2151.56,2075.31,2091.88,2079.06,2026.56,1995.94,1966.25,1974.69,1891.25,1891.88,1848.44,1792.81,1765.63,1756.25,1718.13,1692.81,1707.81,1629.38,1620.31,1603.13,1543.13,1556.25,1553.75,1507.81,1509.38,1489.38,1453.44,1446.88,1418.75,1381.88,1378.13,1390.94,1369.38,1392.5,1346.56,1326.88,1317.5,1297.19,1255.0,1324.38,1288.44,1300.63,1243.75,0.0,0.0,2.1
1225.63,1227.19,1213.44,1203.75,1211.88,1193.75,1215.31,1258.13,1232.81,1234.06,1235.63,1208.44,1275.31,1243.13,1235.94,1230.31,1259.38,1262.19,1277.81,1257.81,1260.94,1312.19,1283.44,1322.19,1300.0,1331.25,1330.63,1306.25,1324.69,1343.44,1388.13,1346.88,1400.31,1415.0,1433.44,1440.63,1430.0,1460.31,1480.94,1468.75,1528.13,1545.0,1557.5,1551.56,1574.69,1620.31,1598.13,1642.5,1664.69,1698.13,1719.06,1761.25,1815.94,1800.94,1830.31,1916.25,1893.13,1935.0,1986.88,1999.06,1995.63,2021.56,2070.94,2147.81,2175.94,2164.06,2206.88,2238.44,2258.13,2238.13,2292.81,2348.44,2304.38,2259.06,2287.19,2260.63,2229.06,2318.75,2276.25,2200.31,2256.88,2196.56,2214.38,2142.5,2164.06,2091.56,2050.63,2089.38,2066.25,1970.0,1935.63,1926.88,1954.06,1870.0,1851.88,1792.5,1778.44,1743.44,1697.5,1708.75,1675.0,1634.38,1612.5,1568.44,1552.81,1527.19,1500.31,1503.13,1527.19,1501.56,1415.0,1429.69,1407.19,1360.94,1391.88,1424.38,1359.38,1332.81,1332.81,1315.31,1302.19,1304.06,1277.81,1235.0,1233.44,1213.75,1236.56,1225.0,1225.31,1206.56,1186.56,0.0,0.0,2.1
1275.63,1232.19,1223.75,1241.25,1247.19,1255.63,1282.5,1263.44,1276.56,1276.56,1242.5,1282.81,1263.13,1221.88,1272.81,1268.44,1307.19,1277.5,1260.94,1322.5,1318.44,1314.06,1314.06,1331.88,1325.0,1339.69,1352.5,1354.38,1364.69,1392.81,1432.81,1439.38,1416.56,1415.31,1440.94,1463.44,1468.13,1447.81,1517.19,1497.5,1480.31,1556.88,1549.38,1600.0,1607.5,1607.5,1642.5,1648.44,1670.63,1727.19,1815.31,1755.63,1813.13,1808.75,1919.38,1925.94,1912.81,1967.5,1994.69,2023.13,2045.31,2132.81,2102.19,2188.13,2177.81,2239.38,2209.06,2255.31,2277.5,2311.25,2350.63,2405.94,2342.81,2334.38,2309.38,2401.25,2356.25,2369.38,2332.5,2354.06,2347.19,2300.94,2268.13,2290.63,2232.81,2246.56,2200.0,2185.63,2099.38,2097.81,2034.06,2020.94,1983.44,1974.38,1993.44,1887.81,1883.44,1832.5,1819.06,1801.56,1728.13,1705.63,1723.44,1744.06,1665.94,1649.38,1569.38,1555.63,1519.69,1528.44,1513.13,1523.75,1501.88,1490.31,1419.38,1440.63,1388.75,1379.69,1419.06,1363.75,1356.56,1367.5,1301.56,1312.81,1314.38,1327.81,1273.13,1322.81,1288.44,1237.19,1249.38,0.0,0.0,2.1
1256.88,1253.13,1282.5,1270.31,1267.19,1295.0,1332.19,1265.94,1279.06,1284.69,1300.0,1270.31,1277.81,1317.5,1312.5,1284.06,1330.0,1339.69,1336.88,1328.75,1350.94,1322.19,1337.19,1363.13,1381.25,1395.63,1364.06,1417.19,1418.75,1413.13,1412.5,1420.63,1459.06,1476.56,1473.44,1501.56,1474.38,1499.06,1511.56,1540.0,1587.19,1583.13,1576.25,1645.0,1615.63,1635.94,1663.13,1748.75,1715.31,1744.06,1763.44,1806.56,1838.44,1828.44,1879.06,1893.13,1940.31,1973.13,2041.88,2054.69,2067.81,2090.0,2166.88,2110.63,2208.44,2175.94,2192.81,2239.69,2305.63,2380.0,2326.25,2367.5,2346.88,2457.81,2337.81,2396.56,2430.0,2416.56,2374.38,2382.5,2329.06,2392.19,2323.13,2380.94,2275.94,2230.0,2259.69,2200.31,2207.5,2110.0,2145.0,2112.81,2026.88,2027.81,2015.0,1974.06,1934.69,1894.06,1859.69,1800.94,1796.56,1771.25,1709.38,1699.06,1639.38,1634.06,1620.63,1617.19,1605.31,1565.0,1532.5,1538.75,1494.38,1529.38,1460.94,1469.69,1444.69,1431.56,1426.25,1406.25,1375.94,1356.25,1306.56,1345.94,1314.69,1311.88,1337.81,1324.06,1285.63,1295.63,1275.94,0.0,0.0,2.1
1306.88,1340.31,1340.0,1333.44,1369.06,1374.69,1376.56,1362.19,1372.81,1375.31,1370.94,1347.5,1404.38,1388.13,1383.44,1367.81,1370.31,1387.19,1414.06,1396.25,1381.88,1436.88,1428.75,1453.44,1423.44,1448.44,1475.94,1451.88,1459.69,1460.63,1452.19,1529.06,1540.0,1535.94,1548.75,1584.06,1589.69,1623.13,1604.06,1618.75,1675.63,1640.94,1662.5,1685.63,1680.31,1729.38,1755.63,1795.63,1782.81,1796.88,1883.13,1878.13,1891.56,1974.38,1939.38,2003.75,2039.38,2114.69,2113.75,2105.63,2143.44,2193.75,2236.88,2238.75,2310.0,2305.0,2292.19,2374.38,2353.75,2374.38,2467.5,2459.06,2526.88,2479.69,2496.25,2452.81,2527.81,2488.44,2485.63,2467.81,2450.63,2508.13,2448.44,2428.13,2375.94,2374.38,2306.88,2291.88,2318.44,2168.13,2220.63,2159.69,2183.13,2105.63,2050.31,2100.31,1999.38,1933.13,1905.94,1890.31,1862.5,1815.63,1762.19,1779.38,1763.13,1749.06,1744.38,1688.44,1645.63,1675.63,1612.5,1593.75,1567.19,1544.69,1514.69,1523.44,1542.19,1488.44,1488.44,1480.63,1477.5,1423.13,1414.38,1443.44,1371.56,1360.63,1372.5,1362.19,1349.38,1349.38,1345.0,0.0,0.0,4.9
1379.06,1393.13,1367.19,1378.13,1354.38,1422.5,1370.63,1353.75,1385.31,1364.69,1378.44,1373.44,1403.75,1399.69,1384.69,1395.0,1381.25,1405.63,1396.25,1401.25,1473.13,1432.19,1413.13,1436.25,1455.0,1456.25,1494.38,1457.5,1475.94,1465.0,1481.88,1512.19,1569.69,1537.19,1516.88,1560.63,1612.5,1542.19,1639.06,1617.81,1691.25,1663.75,1667.5,1740.63,1731.56,1774.69,1803.75,1764.38,1767.5,1810.0,1879.38,1932.5,1906.56,1916.88,1985.94,2018.44,2044.38,2081.56,2084.38,2050.94,2163.44,2236.25,2234.06,2300.31,2295.94,2371.56,2374.69,2410.94,2415.0,2443.13,2461.88,2425.0,2536.56,2550.63,2547.81,2513.13,2575.0,2564.06,2542.19,2521.56,2512.81,2498.44,2493.44,2458.44,2465.63,2465.31,2450.0,2375.0,2358.44,2295.0,2308.44,2265.31,2270.0,2150.0,2115.63,2105.31,2124.06,2088.13,2017.5,2058.44,1982.5,1926.25,1887.19,1879.38,1810.0,1760.94,1755.63,1755.94,1743.44,1694.06,1660.63,1648.13,1619.06,1621.56,1648.75,1545.94,1550.63,1531.25,1543.13,1514.38,1528.13,1482.81,1493.75,1458.44,1472.19,1438.13,1419.69,1400.31,1398.44,1380.0,1387.5,0.0,0.0,4.9
1390.31,1340.63,1339.38,1363.44,1369.06,1425.31,1377.19,1390.94,1358.75,1386.56,1403.44,1365.0,1416.25,1390.31,1395.0,1401.88,1392.19,1445.0,1435.31,1418.44,1412.5,1498.44,1457.19,1495.0,1464.69,1469.38,1465.0,1477.81,1525.63,1494.38,1489.69,1499.38,1542.19,1535.94,1548.75,1556.88,1578.44,1576.56,1600.31,1591.88,1621.25,1650.94,1669.06,1701.88,1727.5,1721.56,1707.81,1757.81,1785.0,1832.19,1830.63,1860.94,1833.13,1917.81,1986.56,1972.81,2033.13,2053.13,2099.69,2095.63,2209.06,2204.69,2221.88,2320.0,2290.31,2318.44,2363.44,2386.88,2427.5,2394.06,2523.75,2450.0,2447.81,2565.0,2508.13,2530.31,2612.5,2557.5,2571.88,2549.69,2582.19,2491.88,2607.19,2480.63,2526.25,2489.69,2511.88,2430.63,2406.88,2370.31,2343.44,2346.56,2264.38,2198.75,2188.13,2180.94,2178.44,2126.88,2049.06,1989.06,1980.63,1952.81,1981.25,1926.56,1917.5,1783.13,1818.44,1824.06,1778.75,1768.13,1749.69,1727.5,1675.94,1620.94,1620.31,1622.81,1581.56,1592.81,1508.13,1557.5,1522.81,1485.0,1481.25,1449.38,1481.25,1426.56,1442.19,1434.06,1409.69,1414.69,1377.81,0.0,0.0,4.9
1383.44,1395.94,1415.0,1403.44,1404.69,1435.31,1400.94,1445.0,1384.06,1437.5,1421.25,1410.94,1410.94,1455.94,1459.06,1434.69,1428.13,1428.44,1429.69,1483.75,1454.38,1463.75,1480.94,1505.94,1521.88,1479.38,1465.94,1539.06,1546.88,1500.94,1536.25,1549.69,1540.31,1610.0,1578.44,1596.25,1635.0,1684.06,1662.81,1686.25,1700.31,1723.44,1763.75,1733.13,1794.06,1767.19,1796.56,1861.56,1836.25,1924.38,1928.75,1968.75,1980.31,2026.56,2045.63,2065.63,2119.06,2159.06,2171.56,2220.0,2270.94,2325.63,2355.0,2340.63,2385.94,2473.13,2494.06,2475.31,2533.13,2540.63,2561.56,2561.56,2649.38,2575.0,2635.31,2669.38,2638.75,2620.0,2672.5,2634.69,2647.81,2622.5,2516.88,2541.56,2537.81,2479.06,2423.13,2396.56,2369.69,2395.0,2315.63,2344.38,2253.75,2226.25,2200.63,2188.75,2111.25,2088.13,2009.06,2059.69,1997.5,1950.31,1941.88,1853.75,1813.44,1847.81,1823.75,1804.06,1755.94,1755.94,1742.5,1718.44,1648.13,1672.81,1622.5,1575.63,1619.38,1603.44,1575.31,1563.75,1565.63,1529.69,1477.5,1475.0,1491.25,1476.25,1451.88,1434.69,1422.5,1462.5,1400.31,0.0,0.0,4.2
1160.63,1141.88,1172.19,1180.94,1176.25,1190.0,1166.88,1160.31,1190.63,1199.69,1199.69,1161.25,1171.56,1213.13,1215.94,1228.13,1193.13,1184.06,1226.25,1189.06,1248.75,1275.31,1268.75,1192.81,1211.25,1212.19,1263.75,1262.19,1283.44,1279.69,1283.13,1280.63,1296.56,1310.63,1317.81,1304.38,1326.88,1368.13,1330.63,1393.75,1412.81,1408.75,1421.56,1397.5,1434.69,1458.44,1490.94,1513.13,1508.75,1535.0,1560.0,1670.94,1610.94,1664.69,1634.06,1670.63,1722.5,1723.13,1758.75,1857.5,1865.94,1854.38,1896.25,1945.94,1950.31,1971.88,2009.06,1990.31,2028.13,2067.81,2125.94,2134.69,2120.63,2114.38,2136.25,2195.0,2192.81,2153.13,2198.13,2155.63,2177.19,2183.13,2143.75,2102.19,2139.69,2112.5,2115.63,2056.56,2036.56,1999.06,2040.94,1952.19,1901.88,1898.44,1862.19,1866.25,1796.25,1737.5,1766.88,1765.63,1718.44,1710.31,1602.19,1567.19,1570.0,1560.0,1565.31,1540.31,1500.63,1475.31,1420.94,1459.69,1391.25,1427.5,1390.0,1396.56,1343.44,1346.56,1296.25,1308.13,1288.75,1294.69,1279.06,1263.75,1223.75,1270.63,1217.19,1253.44,1200.31,1221.25,1188.75,0.0,0.0,4.2
1203.75,1148.44,1139.06,1218.13,1195.63,1195.31,1166.56,1211.88,1163.13,1171.56,1161.88,1198.44,1189.38,1210.63,1166.25,1217.81,1242.19,1238.44,1222.81,1202.81,1238.75,1224.06,1244.06,1260.63,1284.38,1255.0,1258.13,1265.0,1250.94,1297.5,1301.88,1263.44,1298.44,1282.81,1320.0,1341.56,1336.88,1420.0,1365.31,1399.69,1408.13,1457.81,1407.19,1483.13,1458.75,1500.94,1536.88,1575.63,1570.0,1610.63,1652.81,1643.75,1693.44,1667.5,1733.75,1775.0,1739.69,1775.63,1843.13,1864.69,1885.63,1880.63,1922.19,1965.0,1980.63,2040.0,2040.94,2026.56,2116.25,2162.5,2169.38,2165.31,2116.88,2188.75,2208.44,2193.44,2242.81,2229.69,2198.75,2162.5,2141.56,2138.44,2147.81,2179.06,2099.38,2058.75,2123.75,2029.38,1979.69,1973.44,1975.31,1948.75,1938.44,1853.13,1837.81,1778.75,1817.19,1784.38,1701.56,1731.25,1651.88,1637.19,1630.63,1580.63,1611.88,1556.25,1537.81,1484.38,1487.81,1421.56,1451.25,1450.63,1384.38,1372.5,1384.69,1344.38,1379.38,1356.88,1328.75,1290.63,1311.56,1259.69,1237.81,1244.69,1260.94,1242.5,1215.63,1223.13,1228.75,1217.19,1228.75,0.0,0.0,4.2
1213.13,1193.44,1207.19,1220.0,1226.88,1202.19,1215.94,1186.56,1181.88,1210.63,1207.81,1226.56,1197.81,1215.94,1213.13,1200.0,1235.0,1225.63,1238.75,1249.38,1207.19,1272.81,1237.81,1255.0,1300.94,1309.06,1294.69,1288.44,1271.88,1312.19,1297.81,1319.38,1298.13,1389.38,1344.69,1333.44,1358.44,1374.69,1393.75,1459.06,1385.0,1442.19,1446.25,1465.94,1492.5,1507.19,1466.56,1561.56,1579.06,1562.81,1609.69,1612.81,1596.56,1685.31,1683.44,1712.5,1744.06,1802.5,1812.19,1860.31,1875.94,1862.19,1944.38,1956.25,1983.13,2012.5,2052.19,2065.63,2089.38,2129.38,2148.13,2175.31,2220.63,2165.63,2234.69,2228.75,2226.88,2259.69,2239.06,2225.0,2193.13,2254.06,2196.25,2155.31,2154.38,2195.31,2163.44,2093.44,2099.69,2047.81,2042.19,1942.81,1955.0,1930.63,1908.44,1865.31,1829.69,1835.31,1785.94,1780.94,1796.88,1676.88,1660.0,1641.56,1584.38,1601.25,1597.81,1599.69,1554.06,1505.0,1496.25,1468.75,1407.19,1453.75,1411.25,1380.94,1371.88,1405.63,1420.31,1357.19,1329.69,1306.88,1279.69,1284.38,1291.25,1258.75,1268.13,1273.44,1275.31,1229.38,1212.81,0.0,0.0,4.2
1164.38,1206.25,1187.19,1204.69,1187.19,1159.38,1221.56,1221.25,1214.69,1210.0,1216.25,1230.63,1240.0,1241.25,1217.81,1207.5,1245.94,1214.69,1246.25,1272.19,1249.38,1233.44,1233.75,1283.75,1265.63,1269.38,1285.94,1251.25,1263.75,1300.94,1335.63,1308.44,1329.06,1345.0,1414.38,1325.63,1361.56,1351.88,1390.63,1378.44,1395.0,1433.13,1448.44,1485.31,1443.13,1522.5,1531.88,1530.63,1555.63,1577.81,1599.69,1630.63,1625.63,1680.94,1727.5,1744.38,1785.31,1761.56,1814.69,1795.31,1874.38,1920.0,1936.25,1992.5,1957.81,2054.38,2101.88,2105.63,2144.06,2116.25,2192.5,2148.44,2160.0,2173.44,2262.5,2242.81,2224.06,2230.94,2218.44,2257.5,2224.06,2214.69,2195.31,2176.88,2120.63,2126.25,2117.81,2096.88,2066.56,2001.88,2020.0,2019.38,2004.69,1899.06,1868.75,1905.31,1846.25,1825.31,1766.56,1734.69,1692.5,1656.25,1653.13,1670.31,1644.38,1595.31,1550.63,1497.19,1517.19,1479.69,1482.5,1481.56,1453.44,1422.81,1406.56,1417.5,1396.88,1400.0,1355.94,1344.38,1326.25,1303.75,1293.44,1275.94,1299.38,1229.06,1220.63,1265.0,1213.44,1229.38,1200.63,0.0,0.0,4.2
1219.69,1216.88,1228.44,1218.44,1205.0,1222.81,1243.75,1245.31,1203.75,1255.31,1249.38,1286.56,1261.25,1244.69,1241.56,1214.69,1241.25,1270.94,1281.25,1235.63,1282.81,1266.25,1293.75,1285.0,1305.63,1276.56,1315.94,1283.44,1353.44,1298.13,1351.56,1340.31,1361.88,1384.69,1406.25,1352.81,1398.13,1395.31,1408.13,1446.56,1418.44,1440.63,1417.81,1447.5,1484.06,1532.19,1578.44,1549.38,1545.0,1587.81,1586.88,1692.81,1663.44,1674.69,1760.0,1764.69,1782.5,1820.0,1818.13,1883.44,1903.13,1920.0,1978.75,2002.81,2008.44,2018.75,2040.94,2083.44,2108.13,2170.94,2153.75,2142.5,2212.19,2247.5,2235.31,2259.69,2203.44,2254.69,2249.06,2271.25,2287.19,2218.13,2254.69,2179.38,2235.0,2155.94,2136.25,2133.44,2122.81,2075.63,2027.19,1998.44,1955.94,1955.63,1973.44,1877.5,1818.75,1825.94,1809.69,1770.94,1719.06,1765.31,1694.38,1655.94,1657.19,1614.38,1557.5,1553.44,1527.19,1537.81,1488.44,1499.69,1478.13,1438.75,1429.06,1420.0,1361.25,1343.13,1403.75,1340.0,1311.25,1300.94,1367.19,1306.25,1280.0,1296.25,1315.0,1285.31,1293.75,1218.75,1192.19,0.0,0.0,4.2
650.313,669.375,680.313,653.438,643.75,637.188,659.063,650.938,656.875,650.0,666.25,655.938,695.0,647.5,676.563,646.25,646.563,665.625,682.813,673.75,685.938,681.563,670.313,689.688,682.813,673.438,651.875,683.125,679.375,653.75,673.438,692.188,700.313,652.5,685.938,693.75,694.063,695.313,705.938,718.438,684.375,700.0,709.063,710.313,707.813,740.938,735.0,743.438,766.563,755.625,775.0,783.75,794.688,790.313,811.875,799.688,817.813,869.688,826.875,843.125,856.875,857.813,870.0,896.875,905.313,871.563,907.813,929.375,906.875,975.938,970.313,961.563,1004.06,996.25,980.625,1024.69,996.25,1025.63,1022.19,1046.56,1044.69,1014.38,1035.94,1025.63,1045.31,1041.56,1007.19,1042.81,1011.25,1042.19,970.938,959.688,990.313,991.875,950.938,950.625,914.688,925.0,924.688,918.75,911.25,883.438,872.5,853.125,861.25,892.188,820.313,853.125,824.063,810.625,810.938,802.188,781.563,780.0,766.25,754.375,740.313,767.188,765.938,729.063,725.938,707.813,723.75,708.438,745.938,726.25,680.625,692.5,709.688,677.5,677.5,0.0,0.0,2.1
675.313,666.563,651.875,653.125,634.688,678.125,670.313,653.438,667.5,688.438,667.188,650.938,657.188,684.375,683.438,692.813,665.313,685.313,662.188,695.938,705.938,669.063,663.125,684.375,684.063,667.813,666.875,675.0,675.0,700.938,685.0,678.125,717.5,704.063,657.813,688.75,704.688,685.0,676.563,714.375,716.563,687.5,726.25,725.625,728.438,732.5,754.063,759.688,776.25,789.688,788.75,816.875,795.0,788.75,810.313,824.688,843.75,818.75,846.563,862.813,852.813,870.938,887.188,888.125,895.313,912.5,924.688,930.0,945.313,942.813,921.563,989.063,987.188,1017.5,1025.0,1017.19,1045.31,1007.19,1034.69,1045.0,1020.0,1022.5,1034.69,1063.13,1070.31,1003.44,1035.0,1023.75,1054.38,1012.5,984.375,1029.38,1004.69,976.563,972.188,968.438,940.625,966.563,952.5,899.688,930.938,906.25,896.25,886.25,867.5,883.125,854.688,836.563,905.625,846.563,804.688,820.0,799.375,758.125,787.5,774.688,786.25,752.5,733.75,737.813,726.875,717.813,721.563,713.438,685.313,721.25,674.375,700.0,689.688,680.0,691.563,0.0,0.0,2.1
538.125,560.938,570.938,548.75,554.063,572.5,554.688,565.0,578.75,569.063,550.625,543.438,558.438,548.75,545.0,541.875,550.0,560.313,586.563,584.375,553.438,566.563,566.563,556.563,573.125,556.25,540.625,570.0,559.688,588.438,570.313,560.938,559.375,583.125,548.438,574.688,554.375,560.0,573.75,599.063,601.875,561.25,593.75,591.563,596.25,571.875,602.5,580.625,610.625,606.563,605.938,631.25,625.625,627.5,630.0,619.063,662.813,666.25,653.125,681.563,664.688,698.438,695.0,680.313,701.875,706.875,680.313,700.0,722.188,737.5,729.375,764.688,775.625,765.938,757.188,735.0,764.688,769.688,765.625,741.25,768.125,746.875,776.25,789.063,772.813,794.375,791.875,771.563,766.25,759.375,768.438,773.438,745.0,710.938,737.5,736.875,724.063,715.625,726.875,728.75,701.875,665.938,705.938,690.313,670.313,678.125,669.375,658.75,675.0,634.063,624.688,600.625,639.063,663.75,639.375,625.625,628.75,582.5,590.938,614.688,600.313,584.688,601.563,541.875,585.625,574.063,598.438,556.25,547.5,581.875,566.875,0.0,0.0,2.1
659.688,653.438,648.438,673.75,658.75,635.938,676.875,679.063,655.938,656.875,652.813,649.375,672.188,641.563,663.125,685.938,668.75,650.938,674.375,624.063,662.188,666.25,671.563,639.063,653.125,698.125,700.625,677.5,677.5,654.375,685.0,698.438,664.688,713.75,709.375,714.063,702.813,726.25,709.375,708.438,738.75,729.375,735.313,743.75,743.125,740.625,758.125,751.25,751.25,786.25,783.125,786.563,797.188,791.563,819.063,834.063,836.25,787.188,855.625,858.75,855.313,899.375,897.188,908.438,924.375,934.063,939.375,949.688,931.563,946.25,981.875,980.313,1030.94,995.625,994.063,1040.31,996.875,975.313,1037.81,1020.63,1014.69,1035.31,1049.38,1050.31,1037.5,1034.38,1024.06,984.063,1054.69,980.313,980.625,993.438,975.313,952.813,984.688,964.688,940.0,926.563,898.125,884.688,906.563,874.063,857.5,870.313,858.125,854.688,856.25,827.813,823.75,796.875,801.25,797.813,779.688,781.563,796.25,764.688,740.938,737.5,739.688,720.0,709.375,724.688,716.563,685.0,714.063,704.688,684.063,700.0,679.063,683.125,662.5,0.0,0.0,2.1
647.813,659.375,629.688,638.125,676.875,646.875,646.25,658.125,654.375,655.313,656.563,680.0,648.438,657.5,638.125,663.438,668.75,673.125,655.313,661.25,652.188,675.625,685.625,665.938,680.313,689.375,644.063,665.313,659.063,670.313,697.5,699.063,685.938,690.313,695.625,685.313,683.438,704.688,683.438,708.438,750.0,732.5,728.75,720.625,736.25,755.313,755.938,776.875,784.063,764.063,787.5,756.25,775.938,775.0,772.813,824.688,838.438,814.688,844.688,848.125,810.313,851.563,873.438,905.625,906.563,888.125,970.313,955.0,960.0,936.875,972.813,995.938,986.563,993.75,1027.5,1019.38,997.5,1038.75,1014.69,1036.25,1024.38,1043.13,1002.81,1022.81,1026.56,1064.06,1047.81,1035.94,1061.88,1003.75,1037.5,997.813,989.063,965.625,947.813,930.625,932.188,978.75,961.875,912.188,886.25,887.188,896.563,874.688,857.5,845.938,854.688,810.0,826.875,799.063,797.813,819.063,774.688,744.375,779.375,776.25,785.0,732.188,755.625,736.25,725.938,730.313,703.438,679.063,696.25,689.375,706.25,670.938,682.5,697.188,674.063,0.0,0.0,2.1
658.125,650.0,623.125,655.625,641.563,665.313,672.5,643.125,641.25,667.5,618.438,687.5,660.938,641.875,679.688,631.875,637.188,655.313,649.375,655.938,645.625,676.875,678.438,663.75,696.875,642.5,682.5,646.25,697.188,666.875,682.813,677.188,667.5,696.25,696.875,705.0,685.938,699.688,736.563,695.625,747.188,726.875,711.563,738.438,723.125,730.625,742.188,748.438,762.5,757.813,743.75,800.625,771.25,771.563,817.813,810.0,816.25,824.063,848.125,851.25,877.5,875.313,891.875,893.438,939.063,916.25,962.188,915.938,975.938,979.063,1009.06,995.938,1018.13,1047.81,1012.5,1035.63,1034.69,1018.75,1040.94,1036.88,1110.94,1088.75,1075.0,1074.06,1049.69,1065.31,1066.88,1076.25,1071.88,1056.56,1084.69,1004.06,1018.44,995.313,983.75,1007.5,965.938,955.0,968.438,934.063,962.5,914.375,920.625,886.563,903.125,875.625,857.5,847.188,825.938,809.688,791.25,833.438,806.563,793.75,772.813,756.875,764.063,715.625,722.188,733.125,747.813,734.688,738.125,717.813,720.313,711.563,700.625,670.313,652.813,682.188,692.188,0.0,0.0,2.1
648.438,622.5,676.875,671.875,647.188,669.063,654.063,638.125,681.25,669.375,655.313,661.25,646.563,670.625,673.125,641.563,661.875,641.875,679.375,661.25,672.5,695.625,648.438,684.688,701.563,696.563,670.938,695.938,665.313,678.125,671.875,722.5,703.438,676.25,689.375,678.125,706.25,715.938,704.375,721.25,723.125,745.313,699.063,741.875,725.625,716.875,720.938,728.438,734.375,773.125,751.25,773.438,808.438,823.75,788.75,804.688,800.625,840.625,845.938,856.875,860.0,880.313,864.688,884.375,883.438,919.063,936.25,911.25,919.688,948.438,972.813,978.75,972.5,978.438,954.688,1008.13,1054.06,1028.44,1000.94,981.25,1026.56,1032.19,1050.63,1049.69,1050.63,1058.75,1040.0,1025.94,1027.81,998.75,1017.81,1000.63,984.063,1006.56,985.0,961.875,949.375,919.063,925.938,932.188,921.875,911.563,892.188,867.188,887.813,872.813,876.25,842.188,849.063,808.125,808.75,814.688,773.438,786.875,767.5,758.75,772.5,787.813,749.375,734.688,757.188,732.813,718.125,730.938,716.875,693.75,718.438,717.188,713.75,696.563,680.625,0.0,0.0,2.8
656.563,662.188,687.5,649.063,615.625,635.313,657.188,653.125,645.625,665.625,649.375,672.188,667.5,678.75,684.375,672.813,666.563,672.813,657.5,661.563,655.0,686.25,668.438,664.063,682.188,685.938,703.75,670.313,701.563,701.563,679.063,690.0,695.625,698.75,713.75,701.25,680.938,696.563,705.313,743.438,731.563,714.375,675.0,744.375,731.563,746.563,739.063,754.688,763.75,759.375,758.125,760.0,814.063,784.375,804.688,798.438,827.5,820.625,794.063,845.0,874.375,847.813,847.5,877.188,918.75,910.0,906.875,928.75,942.813,962.188,965.0,968.438,964.688,971.875,976.25,991.25,1004.69,1012.5,1045.63,1059.38,1072.81,1027.81,1045.63,1044.06,1022.19,1027.19,1055.94,1035.0,1023.44,1045.63,1057.81,1018.75,1010.0,987.813,988.438,939.375,969.375,903.75,922.5,891.25,875.625,882.188,903.75,858.125,835.0,876.25,859.375,811.25,812.5,819.063,774.375,805.625,786.563,783.438,823.125,788.125,765.0,750.0,754.688,752.188,736.563,726.875,732.5,725.313,719.375,736.25,723.438,707.188,691.25,695.938,673.438,0.0,0.0,2.8
640.0,636.875,693.438,688.75,661.25,689.688,644.063,671.563,647.5,685.0,681.25,643.75,684.063,669.063,670.313,674.375,676.563,702.188,679.375,692.813,651.563,683.125,685.313,666.875,680.938,683.75,675.938,666.875,683.125,680.313,701.875,685.0,679.688,715.313,686.875,715.625,694.063,736.25,716.875,705.625,710.625,726.563,730.938,740.313,717.813,757.5,728.438,746.563,739.688,776.875,776.563,814.063,778.125,780.625,782.813,852.188,814.375,849.688,826.875,850.938,879.375,848.75,866.875,917.813,927.813,943.438,925.625,931.875,952.813,949.375,958.125,994.375,992.813,1013.44,999.688,1000.94,997.5,1026.88,1064.06,1046.88,1060.63,1019.06,1067.19,1005.63,1066.25,1058.44,1046.25,1036.56,1046.56,1022.81,1022.5,1019.38,1010.94,990.313,1011.56,952.188,983.125,947.188,924.375,972.5,939.063,970.938,865.313,886.25,874.688,870.0,881.25,855.313,845.313,792.5,827.813,805.938,777.188,800.625,791.875,796.875,803.125,759.063,770.0,760.938,770.313,744.688,711.875,697.5,715.313,727.188,716.875,695.313,724.375,704.688,718.438,0.0,0.0,2.8
640.313,657.188,697.813,669.688,676.875,687.5,679.375,690.625,649.688,677.5,715.313,676.563,668.438,703.125,694.063,662.188,675.625,681.875,665.938,672.5,690.625,688.75,665.938,668.75,679.063,656.25,690.313,676.875,690.625,681.563,694.063,716.563,737.5,720.938,673.75,717.813,722.5,704.688,703.125,698.125,751.25,746.25,742.5,752.5,768.438,745.625,741.25,762.5,793.125,816.25,789.688,783.75,819.063,808.125,832.813,810.0,860.0,872.188,861.25,876.25,833.125,907.813,895.938,912.5,935.625,935.313,952.188,923.438,951.875,959.063,1005.0,1006.56,984.063,986.875,1007.19,1012.5,1064.69,1036.88,1034.06,1080.63,1034.69,1057.81,1048.44,1061.88,1058.75,1012.5,1067.19,1022.19,1031.25,1011.88,1058.13,1022.5,1040.0,1013.13,992.188,992.813,959.688,960.625,972.5,997.5,942.5,927.5,923.75,921.25,879.688,870.938,829.063,837.813,848.438,847.188,814.063,788.75,798.438,797.813,780.625,788.125,757.188,772.813,748.438,749.688,750.313,726.25,740.313,717.5,730.0,719.688,715.313,704.375,742.188,721.563,701.25,0.0,0.0,2.8
656.875,659.063,681.875,653.125,667.813,673.438,662.5,663.125,685.0,663.75,678.438,650.0,676.563,690.313,675.313,650.938,670.313,636.875,646.875,680.625,685.938,687.813,665.625,655.313,713.438,685.625,688.75,716.563,709.688,715.313,673.438,681.25,714.375,711.563,721.875,708.75,726.875,708.125,697.5,725.313,736.875,736.875,732.5,753.438,702.188,776.875,766.25,760.938,742.5,771.25,788.75,825.938,795.313,820.625,811.875,814.688,859.063,842.5,862.5,826.875,874.375,868.438,879.688,927.813,911.563,915.938,907.188,903.75,935.938,971.563,962.5,970.938,1003.13,992.5,1026.88,1024.06,1059.69,1025.63,1032.5,1022.81,1047.81,1029.69,1061.25,1062.19,1037.81,1090.63,1045.94,1036.25,1041.88,1030.0,1045.0,1018.75,1009.38,995.938,991.875,1016.88,979.063,963.125,916.875,937.5,911.875,886.563,890.0,865.625,843.75,860.938,873.75,830.313,819.688,809.375,801.563,787.5,787.813,810.313,790.313,757.188,782.5,742.813,742.188,721.25,732.813,761.563,705.625,731.25,714.375,690.313,734.688,698.438,684.063,710.625,677.813,0.0,0.0,2.8
652.5,648.438,657.813,684.375,654.688,666.875,671.25,680.313,713.125,671.563,680.625,651.875,673.438,662.5,662.188,700.625,648.125,678.438,659.063,665.0,675.313,679.688,669.375,673.75,683.125,691.875,666.563,651.875,695.625,713.75,720.625,703.75,701.563,689.063,697.813,713.75,698.438,712.188,697.5,721.875,728.75,705.938,717.813,726.25,745.313,747.813,745.938,755.938,792.188,744.375,761.563,780.313,781.875,775.0,798.75,815.625,849.688,806.563,852.5,840.0,855.938,898.125,895.938,902.5,893.438,907.5,916.875,936.563,945.0,959.688,972.813,967.188,1004.69,978.125,977.5,1026.25,1037.81,989.688,1023.75,1018.44,1013.75,1029.69,1017.19,1024.06,1061.88,1036.25,1023.75,1010.0,1059.06,1049.69,983.438,1030.0,1010.0,975.625,974.375,981.25,954.688,944.688,923.438,898.125,920.938,917.813,906.563,865.0,849.688,832.5,837.5,810.938,845.938,801.563,796.875,835.313,769.063,781.875,800.938,801.875,765.313,760.625,733.125,733.125,753.438,727.5,735.625,736.875,727.813,696.875,704.375,698.75,699.375,703.125,697.813,0.0,0.0,0.0
643.75,669.063,670.938,673.438,650.0,648.438,665.625,664.063,660.625,655.313,654.375,668.125,630.625,682.188,690.0,690.938,666.875,683.75,679.063,681.563,677.813,697.5,707.188,683.438,676.563,676.25,657.188,690.313,699.688,698.438,685.313,685.0,707.5,696.875,704.375,690.938,709.688,693.75,719.688,728.125,734.688,735.625,748.75,715.625,760.625,730.938,753.125,759.688,752.188,765.0,773.438,784.688,803.75,804.063,777.5,805.625,822.5,836.25,838.75,822.188,838.125,905.0,886.875,876.563,874.375,912.813,919.688,905.938,938.75,955.938,961.25,948.438,959.375,984.063,995.313,1029.06,1034.69,1010.31,1025.0,968.125,980.938,1008.44,1049.69,1027.81,1021.25,1029.38,1033.13,1009.69,996.25,1001.25,990.313,967.188,1009.38,981.25,969.375,958.75,951.875,953.75,913.438,880.313,902.5,892.5,900.625,897.5,894.063,834.375,839.063,811.563,810.625,791.25,791.563,777.188,777.813,785.938,772.813,745.313,732.813,758.75,747.5,718.438,762.5,735.313,743.125,710.938,734.063,716.563,703.125,701.875,690.0,670.0,660.313,0.0,0.0,0.0
679.375,641.25,634.375,644.063,657.188,652.813,679.375,656.25,651.875,673.75,643.438,633.75,683.75,659.063,677.5,664.063,633.438,677.188,681.875,672.5,649.688,699.063,676.563,673.438,678.125,661.563,642.813,664.688,698.125,714.375,700.625,707.188,685.0,680.625,707.5,682.813,702.813,703.75,722.188,715.938,729.375,725.625,736.25,717.188,720.313,729.688,746.875,754.375,718.438,784.063,776.25,755.625,759.375,773.75,793.125,790.313,805.625,798.438,837.5,840.625,856.563,833.75,902.188,874.688,888.125,874.375,914.375,925.313,916.563,985.938,991.25,983.438,996.875,1006.56,986.563,1003.13,1030.94,1024.06,1045.94,1044.69,1035.0,1071.56,1075.31,1060.0,1018.75,1039.69,1045.31,1028.75,1011.88,1010.63,986.563,980.625,1004.06,1002.5,970.0,966.563,946.25,965.313,917.813,922.813,900.625,904.688,882.5,850.313,880.0,882.813,831.25,830.625,815.938,825.313,806.875,819.688,804.688,786.875,770.625,767.188,771.875,730.313,744.375,756.875,720.0,717.5,717.188,718.75,666.563,697.188,686.25,697.813,703.125,683.75,702.5,0.0,0.0,0.0
684.063,687.813,635.0,647.188,670.313,671.875,640.313,661.563,648.438,664.375,634.063,670.938,660.938,647.5,654.688,665.625,674.688,662.813,656.875,658.438,678.75,694.375,651.875,664.375,670.313,652.188,661.25,665.625,687.813,685.938,688.75,680.313,675.313,693.438,681.563,693.75,710.313,712.5,703.75,706.25,685.625,700.0,717.5,716.563,708.125,739.063,752.813,798.438,759.688,787.188,785.938,778.75,788.75,790.938,811.25,815.938,820.938,820.0,841.25,860.313,823.438,847.5,859.688,866.25,893.438,901.875,946.25,949.375,976.563,972.188,987.5,997.5,979.063,994.063,980.625,1009.69,1002.19,1025.31,1014.38,1040.94,1053.13,1052.19,1069.69,1029.69,1018.13,1050.63,1031.88,1015.31,985.625,992.5,1019.06,984.375,999.063,968.438,965.0,982.5,965.313,955.0,932.813,909.375,869.688,920.313,927.813,849.375,869.375,865.0,859.375,840.313,814.063,793.75,801.875,778.125,758.75,785.0,787.813,738.75,765.0,779.375,767.813,737.188,737.5,721.875,707.5,730.938,732.5,708.438,688.438,726.563,676.563,675.625,663.438,0.0,0.0,0.0
650.0,650.938,688.75,682.813,669.375,664.063,668.75,645.313,661.563,657.188,670.313,666.25,657.188,685.625,670.313,646.563,662.188,665.625,662.813,682.813,677.188,681.875,700.938,675.313,662.813,679.688,675.313,675.625,648.125,716.563,688.75,669.375,700.938,696.875,716.875,678.75,699.375,745.625,727.5,703.75,728.125,734.688,755.938,730.0,726.875,770.0,770.938,790.625,775.625,792.813,807.813,769.688,804.375,794.063,798.75,853.125,824.688,820.625,862.5,849.375,896.875,884.063,903.438,902.813,955.625,949.063,945.313,955.938,950.938,966.563,952.5,1024.69,979.063,996.875,995.938,1010.31,996.875,997.813,1031.88,1025.31,1000.94,1048.44,1053.75,1102.5,1054.38,1042.19,1030.0,987.813,1035.31,974.375,1000.31,1006.88,1047.81,1004.06,990.313,960.0,963.438,936.25,927.188,918.125,890.0,880.625,859.063,886.875,865.0,862.5,855.938,824.688,810.313,811.563,757.813,818.438,798.125,745.0,749.688,764.063,756.875,776.875,759.688,732.813,745.313,724.375,713.75,730.313,717.188,729.688,691.563,696.563,718.75,704.063,673.75,0.0,0.0,0.0
647.188,631.25,644.688,660.625,659.375,656.875,642.813,645.938,660.938,655.313,645.313,665.625,648.438,650.938,625.625,640.625,658.125,628.125,651.875,666.563,637.188,648.75,628.75,695.625,670.313,670.938,635.938,660.0,634.688,662.5,645.313,657.5,699.375,695.625,661.875,651.563,698.438,684.375,706.25,704.375,683.125,724.063,706.25,721.875,704.688,735.625,727.5,729.688,767.188,727.5,763.125,749.375,779.063,793.438,768.125,778.75,800.938,803.75,823.75,856.875,830.625,815.313,860.313,869.375,854.063,873.75,860.0,911.875,907.813,917.188,924.375,966.875,898.75,908.438,925.625,951.563,934.375,961.875,956.563,984.063,990.625,976.25,958.125,971.875,984.688,1007.19,979.063,989.375,931.875,990.625,922.188,936.875,924.688,927.188,896.25,871.25,896.563,901.563,877.188,869.688,873.125,813.438,831.25,799.375,807.188,834.688,769.375,758.438,797.813,776.563,764.375,768.125,733.75,740.938,715.625,719.688,726.25,727.188,727.5,729.063,689.375,701.563,715.0,681.25,691.25,683.125,669.063,695.0,681.563,682.188,682.5,0.0,7.0,0.0
660.625,635.625,643.75,625.0,640.938,646.875,663.75,670.938,634.063,639.063,649.375,660.938,674.375,645.313,654.063,660.625,648.438,656.25,645.0,645.625,644.375,666.563,663.75,657.188,668.125,670.0,635.625,659.063,670.938,668.438,667.188,682.813,675.938,684.688,664.688,699.375,672.5,724.375,717.188,713.75,733.75,712.813,713.75,732.5,701.875,710.0,695.313,689.688,743.125,749.063,770.625,749.375,777.5,769.688,782.5,804.688,785.625,790.0,797.188,822.188,840.625,857.5,861.563,876.563,890.625,880.625,894.375,905.0,909.375,894.375,927.188,941.875,895.313,958.438,971.563,964.688,927.188,979.688,937.188,1001.88,996.563,965.938,970.938,990.938,972.188,1001.56,963.438,957.188,970.313,991.25,937.813,920.313,923.75,903.75,907.188,895.313,910.0,876.875,883.75,857.813,845.625,844.688,819.063,820.313,821.25,812.5,805.938,802.813,761.25,787.5,744.063,762.5,767.188,722.5,733.438,730.313,764.688,720.313,697.188,693.125,718.438,713.75,654.375,665.938,702.5,724.688,656.563,675.625,695.313,681.25,693.438,0.0,7.0,0.0
625.938,659.063,649.063,643.438,652.5,680.313,650.938,652.188,668.75,657.813,616.563,635.938,644.688,634.063,650.938,650.0,655.313,647.5,652.188,653.125,651.875,674.375,656.875,642.188,658.75,681.563,650.938,658.75,686.25,657.813,677.5,663.75,702.813,689.688,695.313,658.75,709.375,708.125,700.938,711.25,707.813,738.438,719.688,725.0,725.625,697.188,747.5,729.375,739.063,744.063,761.25,776.875,784.063,806.25,787.813,821.25,778.438,785.938,835.0,803.75,823.75,836.875,847.188,870.938,874.063,862.813,916.875,915.313,892.5,900.625,937.188,927.5,937.5,957.813,927.188,957.813,967.813,979.375,971.875,945.625,954.688,986.875,967.813,983.125,1014.38,962.188,1009.38,985.313,922.188,969.688,970.313,927.813,957.5,920.313,904.688,900.625,896.25,876.563,883.75,843.438,878.125,847.5,846.875,807.188,814.063,820.938,779.688,775.625,779.688,777.188,785.313,768.75,732.188,768.75,762.813,746.563,740.0,727.5,715.0,717.188,696.875,722.813,696.25,696.563,694.063,694.688,684.688,685.313,694.375,682.188,670.0,0.0,7.0,0.0
601.25,634.375,615.625,657.813,662.813,666.563,646.563,645.0,628.125,637.813,652.813,625.313,658.125,661.875,636.25,626.563,664.375,654.375,659.688,663.125,630.313,635.938,631.875,651.563,683.75,633.75,664.063,670.313,643.125,665.938,682.188,655.938,682.813,677.188,679.063,664.063,670.625,690.313,697.5,686.25,669.063,718.75,715.0,707.813,710.625,718.438,700.938,705.625,740.0,698.75,750.938,752.5,781.875,765.313,787.188,772.5,762.813,810.313,783.438,830.938,813.438,804.063,833.75,885.0,869.375,863.438,875.625,886.875,906.563,890.0,904.688,936.875,931.875,905.625,957.188,950.0,915.938,961.25,984.688,965.313,973.125,1007.81,981.563,979.688,984.063,979.063,959.688,943.125,936.563,941.875,895.625,883.125,934.063,897.5,925.938,870.938,874.063,874.063,843.75,844.688,834.375,819.375,818.125,794.688,787.188,796.563,761.875,747.188,728.125,785.0,749.688,729.063,737.5,735.0,730.0,701.563,721.563,718.438,692.5,713.438,689.375,672.188,684.375,701.25,677.5,670.625,685.313,649.375,637.188,630.938,661.875,0.0,7.0,0.0
638.438,686.563,636.563,655.625,658.438,650.313,643.438,647.188,626.25,632.5,653.438,621.563,652.813,649.063,658.75,649.063,673.75,646.25,625.938,663.125,667.813,671.563,682.5,664.688,632.188,638.75,633.125,674.063,675.313,663.125,661.25,666.875,684.375,682.188,671.563,632.5,699.688,702.813,671.25,687.188,708.125,723.75,751.563,714.375,748.125,721.563,753.125,726.875,737.5,741.563,764.688,738.75,782.813,746.563,785.625,784.375,798.125,822.188,830.0,814.063,817.813,844.688,809.375,887.188,878.125,902.188,903.75,885.313,906.563,914.688,923.75,930.938,942.813,985.313,921.563,974.688,969.063,974.375,973.125,970.0,962.188,969.688,955.625,983.125,956.25,958.125,936.25,941.875,951.875,923.125,948.125,889.688,889.375,911.563,885.938,868.125,868.75,873.75,900.313,838.75,801.875,836.25,800.313,795.313,803.125,776.563,780.625,754.063,783.438,758.125,755.938,763.75,725.313,717.188,715.313,712.188,732.813,700.0,700.313,698.438,713.125,703.75,641.563,708.75,668.438,667.813,649.688,662.813,666.25,667.5,668.438,0.0,7.0,0.0
615.313,640.938,637.5,618.438,624.063,636.875,651.563,640.625,641.875,642.5,641.875,648.438,638.75,615.625,602.5,622.5,661.563,660.938,655.313,638.75,642.813,635.313,663.75,636.875,655.938,630.313,628.75,646.25,656.563,678.75,666.25,672.813,619.375,639.063,679.375,693.125,657.5,681.563,681.563,697.5,653.125,703.438,706.25,714.688,713.438,746.875,735.0,736.875,756.25,745.0,769.063,770.938,763.125,765.938,780.313,781.563,771.875,789.375,800.938,814.688,814.375,833.75,845.313,848.438,841.563,881.563,862.188,872.813,871.25,891.563,931.875,883.438,910.313,938.438,947.188,931.563,945.0,906.875,960.938,948.438,926.875,935.0,935.938,901.25,939.063,934.688,927.5,890.625,905.313,908.75,890.938,905.0,876.875,895.0,863.75,854.688,857.813,852.813,831.25,822.813,788.438,827.813,779.688,820.625,796.875,767.188,779.688,764.063,747.813,738.438,726.563,691.875,727.813,730.313,719.688,674.375,724.688,708.125,687.813,690.0,644.063,679.375,686.875,675.313,685.313,647.188,656.563,657.188,673.438,636.563,632.813,0.0,11.7,0.0
624.063,623.75,597.813,628.125,638.75,638.75,648.75,657.5,626.25,649.688,649.063,620.625,650.313,640.938,648.125,613.125,636.875,617.5,647.188,633.75,654.063,667.5,648.438,654.688,625.625,628.75,645.0,658.125,660.625,654.688,648.438,660.938,673.75,641.25,670.313,702.813,674.375,653.438,682.813,681.875,721.25,690.313,707.813,664.688,704.375,705.938,693.75,715.938,727.813,750.313,730.313,741.25,751.25,778.438,732.5,769.063,760.313,787.813,835.313,833.125,810.625,855.0,834.063,830.0,848.75,851.875,872.188,878.438,880.625,893.75,881.875,909.063,903.75,921.875,940.938,925.0,913.125,912.5,931.563,940.625,931.875,938.125,918.438,929.375,922.813,929.063,911.25,878.75,925.313,873.125,886.563,923.125,905.0,899.375,863.438,829.375,840.625,825.625,837.813,822.813,823.75,776.25,770.625,806.25,773.438,798.125,783.75,757.5,748.125,760.625,762.813,735.313,725.938,699.063,709.688,687.5,676.25,680.938,654.375,670.0,680.938,671.875,665.313,691.563,651.25,624.688,654.063,670.938,640.313,655.938,648.438,0.0,11.7,0.0
645.938,665.0,638.438,634.688,628.438,632.5,624.063,625.0,642.813,618.125,629.375,614.375,626.875,640.313,631.25,630.625,641.25,640.0,625.938,650.0,627.188,614.375,616.25,650.625,659.063,664.688,656.875,675.938,671.563,639.375,631.875,658.438,665.938,658.75,655.313,679.688,678.438,684.688,678.75,675.625,685.938,710.938,681.875,710.0,700.938,695.938,701.563,721.875,737.5,741.25,736.875,725.625,753.125,779.688,770.0,781.875,812.188,802.5,803.438,782.188,829.688,827.188,815.625,860.938,859.063,882.5,863.75,881.875,862.813,906.563,919.375,891.25,899.375,930.313,937.5,944.063,910.625,926.25,947.5,958.438,942.813,924.688,955.625,953.438,970.0,937.5,926.25,919.688,906.563,898.125,883.438,906.875,870.0,878.125,855.0,870.938,839.688,830.0,855.313,818.438,817.5,815.313,797.5,763.125,714.688,759.375,763.438,761.563,783.75,743.75,733.438,698.75,705.625,698.438,682.813,718.438,693.438,696.875,724.688,697.188,671.25,686.25,672.813,664.063,659.688,680.938,645.313,662.5,631.563,626.563,667.5,0.0,11.7,0.0
642.813,646.563,639.688,634.063,652.188,641.875,639.688,649.063,640.313,642.188,648.438,653.438,656.875,647.813,676.25,635.625,657.188,660.313,635.0,645.625,654.063,645.313,676.25,646.25,667.5,642.188,665.313,635.938,678.125,665.313,714.375,691.563,658.125,681.25,682.188,655.625,669.375,690.313,712.188,688.438,686.563,725.313,693.125,702.5,733.438,730.938,725.313,729.375,761.563,763.125,735.0,745.313,780.938,780.938,779.063,768.125,813.438,821.875,817.5,835.938,823.438,837.188,876.563,854.375,875.0,885.938,883.75,855.625,874.375,908.438,929.688,904.375,963.75,950.625,920.938,929.063,951.563,954.063,945.313,918.438,955.313,920.313,951.875,973.438,935.0,930.313,958.438,967.188,920.938,910.0,913.438,901.25,910.938,889.375,877.5,856.25,847.5,867.188,821.875,820.938,814.375,799.375,845.0,798.125,789.688,772.188,740.938,745.625,743.438,739.063,745.625,776.25,760.0,702.5,732.813,727.5,731.875,700.625,714.063,710.313,702.188,704.063,693.125,672.5,682.188,653.438,673.125,637.5,670.938,690.313,664.688,0.0,11.7,0.0
652.813,624.688,629.063,620.938,630.938,675.625,648.75,638.438,664.063,650.625,639.375,635.0,644.375,651.25,640.0,624.688,664.688,641.563,632.188,637.5,647.5,639.375,653.125,641.25,660.625,637.5,683.125,656.563,691.25,690.0,667.5,679.375,682.5,725.0,694.688,718.75,675.625,665.0,709.375,708.438,725.625,702.813,734.063,726.875,724.688,732.188,743.125,766.563,733.125,713.75,736.563,787.5,794.688,788.438,795.313,813.438,814.375,826.563,826.563,783.438,822.5,855.313,866.875,864.063,879.375,897.813,916.875,884.063,889.063,957.813,921.25,952.813,931.875,945.0,995.625,918.125,952.188,939.688,926.563,961.25,970.0,962.813,947.5,937.188,980.313,956.875,959.688,939.063,948.75,939.688,899.688,929.375,879.688,876.25,901.25,878.438,864.063,848.75,829.688,847.813,812.188,795.313,827.188,819.375,804.688,791.25,748.75,775.0,752.188,741.875,720.313,748.125,732.813,726.563,718.125,699.375,690.313,724.375,705.938,717.5,705.625,670.313,675.313,694.375,687.813,652.188,672.813,668.75,658.125,680.625,683.75,0.0,11.7,0.0
607.813,622.188,598.438,580.625,583.438,591.875,610.938,581.875,551.875,589.063,595.938,640.313,592.188,586.875,604.063,615.0,601.25,582.5,583.438,576.563,580.938,612.5,603.125,590.938,607.188,585.938,597.5,626.563,595.938,589.688,621.25,598.438,608.438,611.875,629.688,640.0,620.625,621.25,635.313,589.375,612.813,625.625,590.0,627.5,606.25,630.625,630.0,641.25,638.125,645.938,630.625,656.563,676.25,656.563,660.0,673.125,682.188,658.125,666.25,684.375,734.063,691.563,695.938,705.938,726.563,728.125,719.375,731.563,743.75,726.563,759.375,776.875,773.75,801.875,785.625,789.688,809.063,796.563,777.813,787.188,772.188,809.063,769.688,793.125,780.313,810.938,821.25,787.188,797.188,797.813,776.875,738.438,754.688,785.625,715.0,758.75,751.563,716.875,757.188,749.375,734.375,726.25,699.375,701.563,718.125,687.188,719.688,679.688,710.0,671.875,661.875,680.313,658.438,638.125,658.125,656.875,643.75,656.875,618.438,640.0,625.313,667.813,631.563,663.125,644.063,620.0,638.125,614.063,590.313,625.0,601.563,3.9,0.0,1.4
575.0,589.688,611.563,602.188,574.063,585.313,599.375,601.875,593.438,590.625,600.0,635.313,573.125,570.938,587.813,590.313,585.0,579.375,605.625,596.563,558.75,597.813,606.875,595.625,584.375,601.875,620.0,606.25,597.813,596.563,611.25,621.563,620.625,629.063,608.75,645.0,597.188,598.125,626.25,638.438,606.563,614.063,634.063,661.563,619.688,662.813,635.0,632.813,642.5,670.0,660.625,661.563,661.875,680.313,646.875,659.688,683.75,702.5,689.063,651.875,710.313,682.813,705.0,735.625,735.313,748.75,760.625,736.563,764.375,752.813,727.5,754.375,781.875,774.063,787.5,792.5,745.313,793.438,784.063,788.75,787.188,795.625,778.125,798.125,783.125,780.0,791.563,779.688,820.625,798.75,812.813,768.75,749.688,742.813,782.5,784.063,759.688,709.375,716.875,730.0,725.313,740.313,736.875,716.25,680.625,730.313,706.25,714.688,683.75,664.063,666.563,675.938,680.0,644.063,648.438,645.313,634.063,651.875,649.375,656.875,638.75,636.875,630.625,615.313,641.25,636.563,615.0,615.0,617.5,609.063,598.125,3.9,0.0,1.4
595.625,578.75,577.188,591.563,596.25,570.938,582.813,587.5,580.0,628.438,581.875,578.75,573.125,580.0,565.625,576.25,573.125,599.688,593.125,601.875,585.313,594.688,599.063,600.313,600.938,555.0,589.375,598.75,593.438,592.188,608.438,576.875,602.813,574.688,591.25,620.625,605.0,637.813,598.438,630.625,602.188,612.813,627.5,625.313,613.75,622.188,635.625,654.688,644.063,641.25,667.813,656.875,653.75,644.688,648.438,682.813,672.5,656.875,661.25,693.438,708.75,701.25,729.688,702.5,725.313,695.625,713.75,728.438,766.25,713.75,738.438,756.875,751.25,760.625,768.75,755.0,791.875,787.813,772.188,801.875,767.5,814.688,767.188,782.5,802.813,779.063,767.5,792.5,766.25,775.313,759.375,775.0,743.75,778.125,750.0,746.25,751.563,754.375,734.375,699.375,724.063,664.063,710.0,710.625,693.75,690.0,672.813,696.875,671.875,689.688,672.813,697.5,650.0,622.813,635.0,649.375,636.25,637.813,632.188,622.5,635.625,608.125,602.5,599.375,627.188,612.5,604.063,612.813,595.625,613.438,620.625,3.9,0.0,3.0
593.75,572.813,606.875,581.25,597.5,578.125,600.625,572.188,586.563,565.938,556.25,560.0,585.0,580.0,571.25,580.0,605.313,581.875,585.625,567.813,582.5,585.938,583.125,581.563,605.313,611.25,568.438,579.375,583.75,595.313,590.938,582.188,605.0,612.188,594.375,574.688,596.25,602.188,607.5,607.813,638.75,625.313,607.813,634.063,631.25,642.188,611.563,631.25,653.75,648.125,648.438,645.625,652.188,671.25,677.188,671.25,670.625,648.438,690.313,703.438,743.125,700.625,712.188,715.938,710.625,738.438,729.375,748.75,733.75,740.938,780.625,745.938,780.0,765.0,766.25,791.25,799.375,782.813,789.375,772.188,778.438,762.5,761.875,795.0,789.063,817.5,770.0,783.75,735.938,738.438,759.688,725.625,739.375,738.438,726.563,700.938,705.313,746.25,735.313,680.938,726.25,713.125,680.313,681.563,690.313,697.5,657.188,648.438,667.5,632.188,624.688,655.0,630.938,624.063,648.125,629.375,640.625,625.938,635.938,627.5,603.125,615.938,607.188,618.75,575.625,597.5,588.75,590.0,603.75,577.5,585.938,3.9,0.0,3.0
